,Unnamed: 0,CANT,PRECIO_UNITARIO,COSTO_UNITARIO,COSTO_UNITARIO_CALCULADO,SUBTOTAL_PARTIDA,COSTO_TOTAL_CALCULADO,MARGEN_UNITARIO_CALCULADO
0,0,1,434.48,52.8,52.8,434.48,52.8,381.68
1,1,1,1264.05,327.18,327.18,1264.05,327.18,936.87
2,2,7,551.61,177.68,177.68,3861.29,1243.73,373.94
3,3,1,140.0,38.96,38.96,140.0,38.96,101.04
4,4,2,172.41,101.71,101.71,344.83,203.42,70.71
5,5,2,237.07,49.41,49.41,474.14,98.82,187.66
6,6,1,,,,,,
7,7,3,94.5,38.96,38.96,283.5,116.88,55.54
8,8,1,1615.0,517.89,517.89,1615.0,517.89,1097.11
9,9,1,1615.0,517.89,517.89,1615.0,517.89,1097.11
10,10,1,1615.0,517.89,517.89,1615.0,517.89,1097.11
11,11,1,1615.0,0.0,586.32,1615.0,586.32,1028.68
12,12,1,1615.0,0.0,586.32,1615.0,586.32,1028.68
13,13,1,1485.25,0.0,86.22,1485.25,86.22,1399.03
14,14,1,2095.25,0.0,742.05,2095.25,742.05,1353.2
15,15,5,192.5,51.73,149.6,481.25,397.08,42.9
16,16,2,771.28,124.0,124.0,1542.56,248.0,647.28
17,17,3,125.0,0.0,141.9,375.0,425.69,-16.9
18,18,5,821.3,0.0,78.7,4106.5,393.48,742.6
19,19,7,821.3,0.0,75.77,5749.1,530.41,745.53
20,20,3,496.35,27.43,27.43,1489.05,82.29,468.92
21,21,3,938.53,147.76,147.76,2815.59,443.27,790.77
22,22,1,718.52,259.35,259.35,718.52,259.35,459.17
23,23,1,898.25,332.65,332.65,898.25,332.65,565.6
24,24,2,1500.0,0.36,0.36,3000.0,0.72,1499.64
25,25,3,1848.0,,,5544.0,,766.11
26,26,5,485.0,124.0,124.0,2425.0,620.0,361.0
27,27,6,375.0,44.14,44.14,2250.0,264.83,330.86
28,28,2,2005.46,489.39,489.39,4010.92,978.77,1516.07
29,29,30,1299.32,305.44,305.44,,,993.88
30,30,6,856.04,295.24,295.24,5136.22,1771.42,560.8
31,31,30,1299.32,305.44,305.44,,,993.88
32,32,1,601.23,178.6,178.6,601.23,178.6,422.63
33,33,10,150.5,68.95,68.95,1505.0,689.45,81.56
34,34,10,215.96,78.32,78.32,2159.6,783.24,137.64
35,35,1,382.1,5.76,5.76,382.1,5.76,376.34
36,36,1,485.23,45.01,45.01,485.23,45.01,440.22
37,37,1,945.0,289.05,289.05,945.0,289.05,655.95
38,38,40,259.6,64.85,64.85,10384.0,2594.17,194.75
39,39,1,938.53,0.0,161.73,938.53,161.73,776.8
40,40,3,,0.0,,,,
41,41,9,619.21,101.71,101.71,5572.89,915.42,517.5
42,42,10,505.08,0.0,81.91,5050.8,819.14,423.17
43,43,8,1328.0,0.0,497.54,10624.0,,830.46
44,44,2,599.05,0.0,98.76,1198.1,197.51,500.3
45,45,1,803.0,140.29,140.29,803.0,140.29,662.71
46,46,2,785.25,181.88,181.88,1570.5,363.75,603.38
47,47,2,615.85,249.89,249.89,1231.7,499.77,365.96
48,48,4,385.2,48.56,48.56,1540.8,194.24,336.64
49,49,1,2150.0,0.0,195.26,2150.0,195.26,1954.74
50,50,5,531.0,85.29,85.29,2655.0,426.47,445.71
51,51,1,385.0,220.0,220.0,385.0,220.0,165.0
52,52,1,500.0,211.36,211.36,500.0,211.36,288.64
53,53,2,835.5,242.48,242.48,1671.0,484.95,593.02
54,54,2,895.5,235.56,235.56,1791.0,471.13,659.94
55,55,1,1264.25,0.0,319.8,1264.25,319.8,944.45
56,56,1,1264.25,0.0,313.8,1264.25,313.8,950.45
57,57,4,605.0,44.7,44.7,2420.0,178.8,560.3
58,58,1,337.7,4.02,4.02,337.7,4.02,333.68
59,59,2,558.14,69.23,69.23,1116.28,138.46,488.91
60,60,2,558.14,69.23,69.23,1116.28,138.46,488.91
61,61,3,1412.0,556.14,556.14,4236.0,1668.42,855.86
62,62,3,1188.0,447.68,447.68,3564.0,1343.05,740.32
63,63,6,663.0,95.82,95.82,3978.0,574.91,567.18
64,64,2,495.8,158.4,158.4,991.6,316.8,337.4
65,65,8,2177.5,272.65,272.65,,2181.22,1904.85
66,66,2,505.23,161.63,161.63,1010.46,323.25,343.6
67,67,4,985.1,105.68,105.68,3940.4,422.72,879.42
68,68,4,2644.28,0.0,795.74,10577.12,,1848.54
69,69,2,522.0,51.38,51.38,1044.0,102.76,470.62
70,70,1,255.01,291.72,291.72,255.01,291.72,-36.71
71,71,10,551.25,0.0,240.87,5512.5,2408.67,310.38
72,72,1,364.55,52.48,52.48,364.55,52.48,312.07
73,73,1,662.0,139.82,139.82,662.0,139.82,522.18
74,74,30,1475.3,275.5,275.5,,,1199.8
75,75,3,999.91,200.3,200.3,2999.72,600.9,799.61
76,76,10,1450.0,372.67,372.67,,,1077.33
77,77,6,1450.0,360.5,360.5,8700.0,2162.98,1089.5
78,78,6,1450.0,337.97,337.97,8700.0,2027.79,1112.03
79,79,8,415.0,113.47,113.47,3320.0,907.73,301.53
80,80,10,272.0,77.13,77.13,2720.0,771.29,194.87
81,81,2,1025.87,0.0,115.58,2051.74,231.15,910.29
82,82,2,1587.25,0.0,165.19,3174.5,330.39,1422.06
83,83,2,,0.0,385.71,5970.72,771.42,
84,84,1,566.64,85.89,85.89,566.64,85.89,480.75
85,85,12,431.5,95.96,95.96,5178.0,1151.56,335.54
86,86,12,528.3,131.65,131.65,6339.6,1579.75,396.65
87,87,1,1880.28,0.0,292.75,1880.28,292.75,1587.53
88,88,20,150.0,71.25,71.25,3000.0,1425.02,78.75
89,89,1,98.0,38.96,38.96,98.0,38.96,59.04
90,90,3,830.25,363.33,363.33,2490.75,1090.0,466.92
91,91,1,473.28,27.08,27.08,473.28,27.08,446.2
92,92,1,1659.6,436.54,436.54,1659.6,436.54,1223.06
93,93,1,107.76,38.96,38.96,107.76,38.96,68.8
94,94,1,499.0,113.22,113.22,499.0,113.22,385.78
95,95,3,900.0,0.0,247.52,2700.0,742.57,652.48
96,96,3,1189.0,0.0,160.03,3567.0,480.08,1028.97
97,97,3,1435.0,0.0,369.59,4305.0,1108.78,1065.41
98,98,2,495.0,0.0,67.42,990.0,134.84,427.58
99,99,1,125.0,71.25,71.25,125.0,71.25,53.75
100,100,1,175.0,75.89,75.89,175.0,75.89,99.11
101,101,2,2625.5,0.0,,5251.0,2428.6,1411.2
102,102,2,2464.2,,,4928.4,2082.15,1423.12
103,103,2,2068.5,,,4137.0,2597.36,769.82
104,104,1,925.6,0.0,387.87,925.6,387.87,537.73
105,105,1,1517.63,435.3,435.3,1517.63,435.3,1082.33
106,106,4,498.85,0.0,24.38,1995.4,97.52,474.47
107,107,1,2629.5,167.3,167.3,2629.5,167.3,
108,108,1,535.09,104.4,104.4,535.09,104.4,430.69
109,109,2,1195.84,0.0,336.57,2391.69,673.13,859.28
110,110,1,1572.45,0.0,647.84,1572.45,647.84,924.61
111,111,4,2375.5,0.0,436.05,9502.0,1744.19,1939.45
112,112,2,2080.85,0.0,449.35,4161.7,898.7,1631.5
113,113,1,2118.0,0.0,406.61,2118.0,406.61,1711.39
114,114,1,1250.0,281.94,281.94,1250.0,281.94,968.06
115,115,4,617.0,0.0,67.22,2468.0,268.86,549.79
116,116,2,510.0,0.0,37.76,1020.0,75.53,472.24
117,117,1,197.5,13.38,13.38,197.5,13.38,184.12
118,118,1,1000.0,0.0,226.23,1000.0,226.23,773.77
119,119,4,425.2,0.0,130.2,1700.8,520.79,295.0
120,120,2,485.5,0.0,137.08,971.0,274.16,348.42
121,121,1,385.0,220.0,220.0,385.0,220.0,165.0
122,122,2,,492.92,492.92,3892.24,492.92,
123,123,1,197.5,13.38,13.38,197.5,13.38,184.12
124,124,1,871.5,174.76,174.76,871.5,174.76,696.74
125,125,3,375.29,0.0,106.0,1125.87,318.0,269.29
126,126,2,1100.0,246.94,246.94,2200.0,493.89,853.06
127,127,1,565.4,90.18,90.18,565.4,90.18,475.22
128,128,4,351.64,156.83,156.83,1406.56,627.33,194.81
129,129,4,988.25,0.0,146.88,3953.0,587.54,841.37
130,130,4,828.69,0.0,186.95,3314.76,747.79,641.74
131,131,4,657.58,0.0,99.32,2630.32,397.28,558.26
132,132,1,1125.0,130.78,130.78,1125.0,130.78,994.22
133,133,1,1125.0,134.36,134.36,1125.0,134.36,990.64
134,134,15,913.4,189.47,189.47,,2842.01,723.93
135,135,1,462.0,220.0,220.0,462.0,220.0,242.0
136,136,1,2665.3,395.14,395.14,2665.3,395.14,
137,137,1,1579.6,141.65,141.65,1579.6,141.65,1437.95
138,138,12,1800.18,526.27,526.27,,,1273.91
139,139,4,533.6,0.0,150.79,2134.4,603.18,382.81
140,140,10,720.0,96.78,96.78,7200.0,967.82,623.22
141,141,3,1877.65,533.27,533.27,5632.95,1599.82,1344.38
142,142,7,972.0,319.99,319.99,6804.0,2239.95,652.01
143,143,2,1899.18,0.0,164.55,3798.36,329.11,1734.63
144,144,2,1022.5,168.4,168.4,2045.0,336.79,854.1
145,145,3,,0.0,418.59,,1255.77,
146,146,1,1054.0,0.0,665.36,1054.0,665.36,388.64
147,147,4,2399.01,0.0,569.1,9596.04,2276.4,1829.91
148,148,3,1143.25,78.83,78.83,3429.75,236.48,1064.42
149,149,3,568.65,0.0,83.5,1705.95,250.49,485.15
150,150,3,,0.0,791.1,9159.75,2373.3,
151,151,3,705.5,0.0,143.89,2116.5,431.66,561.61
152,152,2,813.1,222.0,222.0,1626.21,444.0,591.1
153,153,2,357.85,113.59,113.59,715.7,227.19,244.26
154,154,10,866.7,153.97,153.97,8667.0,1539.68,712.73
155,155,6,514.25,112.64,112.64,3085.5,675.84,401.61
156,156,1,307.5,87.1,87.1,307.5,87.1,220.4
157,157,2,1046.11,0.0,297.59,2092.22,595.19,748.52
158,158,3,300.0,0.0,111.63,900.0,334.89,188.37
159,159,3,1991.0,182.75,182.75,5973.0,548.24,1808.25
160,160,4,759.17,0.0,106.18,3036.68,424.72,652.99
161,161,4,788.05,0.0,150.48,3152.2,601.92,637.57
162,162,2,420.0,36.92,36.92,840.0,73.84,383.08
163,163,1,945.0,299.62,299.62,945.0,299.62,645.38
164,164,3,345.0,31.72,31.72,1035.0,95.16,313.28
165,165,2,994.64,155.39,155.39,1989.28,310.77,839.25
166,166,2,738.4,145.21,145.21,1476.8,290.42,593.19
167,167,1,1452.18,150.74,150.74,1452.18,150.74,1301.44
168,168,6,197.5,17.39,17.39,1185.0,104.34,180.11
169,169,1,336.93,106.55,106.55,336.93,106.55,230.38
170,170,6,568.26,0.0,89.85,3409.56,539.13,478.41
171,171,1,2259.43,0.0,143.11,2259.43,143.11,
172,172,2,447.42,0.0,42.86,894.84,85.71,404.56
173,173,1,2174.6,0.0,337.19,2174.6,337.19,1837.41
174,174,1,919.0,0.0,226.23,919.0,226.23,692.77
175,175,2,145.0,51.36,51.36,290.0,102.71,93.64
176,176,8,375.0,98.64,98.64,3000.0,789.1,276.36
177,177,2,2625.5,,,5251.0,2428.6,1411.2
178,178,8,594.83,0.0,325.78,4758.64,2606.27,269.05
179,179,2,2278.45,431.83,431.83,4556.9,863.66,1846.62
180,180,1,408.87,124.0,124.0,408.87,124.0,284.87
181,181,1,1136.53,175.18,175.18,1136.53,175.18,961.35
182,182,1,862.07,12.4,12.4,862.07,12.4,849.67
183,183,3,2525.0,0.0,,7575.0,,743.0
184,184,2,337.7,36.53,36.53,675.4,73.06,301.17
185,185,11,1499.3,,672.74,,,826.56
186,186,6,2349.48,,,,,1159.06
187,187,4,510.0,0.0,70.04,2040.0,280.17,439.96
188,188,2,813.05,0.0,189.75,1626.1,379.5,623.3
189,189,2,1048.0,0.0,346.74,2096.0,693.49,701.26
190,190,2,525.0,112.61,112.61,1050.0,225.21,412.39
191,191,3,,0.0,,,,
192,192,2,119.83,38.96,38.96,239.66,77.92,80.87
193,193,1,813.0,227.18,227.18,813.0,227.18,585.82
194,194,1,2068.5,0.0,773.91,2068.5,773.91,1294.59
195,195,6,1518.0,304.25,304.25,9108.0,1825.52,1213.75
196,196,5,597.06,173.0,173.0,2985.3,865.0,424.06
197,197,1,683.25,29.9,29.9,683.25,29.9,653.35
198,198,1,813.1,222.0,222.0,813.1,222.0,591.1
199,199,18,690.81,0.0,52.74,,949.4,638.07
200,200,2,1520.0,378.69,378.69,3040.0,757.39,1141.31
201,201,1,385.0,220.0,220.0,385.0,220.0,165.0
202,202,1,435.0,0.0,253.0,435.0,253.0,182.0
203,203,1,206.9,0.0,98.63,206.9,98.63,108.27
204,204,36,1450.0,0.0,254.34,,,1195.66
205,205,2,780.25,37.66,37.66,1560.5,75.32,742.59
206,206,2,799.12,44.54,44.54,1598.24,89.08,754.58
207,207,2,821.89,48.09,48.09,1643.78,96.18,773.8
208,208,2,839.43,51.09,51.09,1678.86,102.18,788.34
209,209,2,901.12,141.49,141.49,1802.24,282.98,759.63
210,210,2,992.0,201.21,201.21,1984.0,402.41,790.79
211,211,2,1109.22,188.85,188.85,2218.44,377.7,920.37
212,212,2,1112.0,297.2,297.2,2224.0,594.4,814.8
213,213,7,725.1,30.17,30.17,5075.7,211.19,694.93
214,214,2,387.45,54.82,54.82,774.9,109.64,332.63
215,215,2,1674.0,0.0,187.31,3348.0,374.62,1486.69
216,216,2,960.0,0.0,366.42,1920.0,732.84,593.58
217,217,2,689.92,112.8,112.8,1379.84,225.59,577.12
218,218,2,689.92,112.8,112.8,1379.84,225.59,577.12
219,219,1,813.0,0.0,227.18,813.0,227.18,585.82
220,220,3,,0.0,427.12,9600.0,1281.35,
221,221,6,,0.0,369.07,,2214.39,
222,222,10,355.0,101.99,101.99,3550.0,1019.92,253.01
223,223,2,2218.27,0.0,,4436.54,2409.43,1013.56
224,224,1,650.32,0.0,74.08,650.32,74.08,576.24
225,225,1,1615.0,,,1615.0,1179.22,435.78
226,226,1,1615.0,,,1615.0,1179.22,435.78
227,227,1,1615.0,,,1615.0,1179.22,435.78
228,228,1,1615.0,,,1615.0,1179.22,435.78
229,229,1,1615.0,,,1615.0,1179.22,435.78
230,230,2,598.0,338.28,338.28,1196.0,676.56,259.72
231,231,2,445.0,160.14,160.14,890.0,320.27,284.86
232,232,2,303.45,106.55,106.55,606.9,213.1,196.9
233,233,2,369.25,137.48,137.48,738.5,274.96,231.77
234,234,5,355.0,119.05,119.05,1775.0,595.24,235.95
235,235,4,681.75,0.0,125.12,2727.0,500.47,556.63
236,236,10,407.0,127.62,127.62,4070.0,1276.19,279.38
237,237,8,488.0,120.29,120.29,3904.0,962.29,367.71
238,238,7,543.0,113.69,113.69,3801.0,795.85,429.31
239,239,8,509.0,161.1,161.1,4072.0,1288.78,347.9
240,240,3,1365.0,131.71,131.71,4095.0,395.14,1233.29
241,241,4,1015.0,0.0,459.8,4060.0,1839.19,555.2
242,242,4,562.32,88.95,88.95,2249.28,355.8,473.37
243,243,1,1125.0,,,1125.0,,
244,244,2,1485.0,0.0,440.7,2970.0,881.41,1044.3
245,245,30,1475.3,339.43,339.43,,,1135.87
246,246,4,625.2,29.29,29.29,2500.8,117.15,595.91
247,247,2,565.4,90.42,90.42,1130.8,180.83,474.98
248,248,2,498.77,0.0,69.55,997.54,139.11,429.22
249,249,1,2508.7,0.0,470.09,2508.7,470.09,2038.61
250,250,2,1028.35,0.0,373.69,2056.7,747.38,654.66
251,251,1,1265.2,0.0,559.98,1265.2,559.98,705.22
252,252,3,799.1,0.0,178.49,2397.3,535.46,620.61
253,253,1,1156.5,0.0,139.69,1156.5,139.69,1016.81
254,254,3,992.25,173.44,173.44,2976.75,520.33,818.81
255,255,3,358.7,0.0,48.23,1076.1,144.69,310.47
256,256,1,1498.16,0.0,208.27,1498.16,208.27,1289.89
257,257,1,1599.5,0.0,688.35,1599.5,688.35,911.15
258,258,1,1455.25,0.0,375.4,1455.25,375.4,1079.85
259,259,1,1398.79,0.0,415.77,1398.79,415.77,983.02
260,260,2,1472.0,0.0,601.65,2944.0,1203.29,870.35
261,261,3,398.85,236.98,236.98,1196.55,710.93,161.87
262,262,3,1229.88,0.0,449.84,3689.64,1349.52,780.04
263,263,2,1020.0,0.0,87.59,2040.0,175.18,932.41
264,264,4,625.2,0.0,43.81,2500.8,175.24,581.39
265,265,4,468.97,33.9,33.9,1875.86,135.61,435.06
266,266,1,2524.5,,688.31,2524.5,688.31,1836.19
267,267,4,1030.0,236.68,236.68,4120.0,946.71,793.32
268,268,4,1094.6,210.46,210.46,4378.4,841.84,884.14
269,269,2,2625.5,,,5251.0,2428.6,1411.2
270,270,6,,,,,,
271,271,6,,0.0,,,,
272,272,1,462.0,220.0,220.0,462.0,220.0,242.0
273,273,1,,0.0,41.26,4315.0,41.26,
274,274,3,992.25,173.44,173.44,2976.75,520.33,818.81
275,275,2,519.0,78.24,78.24,1038.0,156.48,440.76
276,276,1,512.36,211.36,211.36,512.36,211.36,301.0
277,277,1,382.76,137.48,137.48,382.76,137.48,245.28
278,278,1,560.04,0.0,134.94,560.04,134.94,425.1
279,279,15,913.4,235.81,235.81,,,677.59
280,280,1,1255.2,370.94,370.94,1255.2,370.94,884.26
281,281,2,337.7,0.0,36.53,675.4,73.06,301.17
282,282,2,965.5,0.0,269.59,1931.0,539.17,695.91
283,283,4,265.0,87.1,87.1,1060.0,348.39,177.9
284,284,1,2265.0,435.26,435.26,2265.0,435.26,1829.74
285,285,4,574.0,67.47,67.47,2296.0,269.88,506.53
286,286,5,1103.0,122.14,122.14,5515.0,610.68,980.86
287,287,2,577.8,152.37,152.37,1155.6,304.73,425.43
288,288,9,1330.68,0.0,428.56,,,902.12
289,289,1,800.0,216.65,216.65,800.0,216.65,583.35
290,290,4,2218.27,,,8873.08,,971.92
291,291,1,470.0,143.8,143.8,470.0,143.8,326.2
292,292,10,594.83,326.23,326.23,5948.3,,268.6
293,293,1,999.91,212.44,212.44,999.91,212.44,787.46
294,294,1,980.6,317.3,317.3,980.6,317.3,663.3
295,295,1,980.6,317.3,317.3,980.6,317.3,663.3
296,296,3,1405.25,269.6,269.6,4215.75,808.8,1135.65
297,297,2,812.53,0.0,111.07,1625.06,222.14,701.46
298,298,1,375.29,87.1,87.1,375.29,87.1,288.19
299,299,20,355.0,119.05,119.05,7100.0,2380.95,235.95
300,300,5,1666.85,,,8334.25,,0.0
301,301,5,470.0,143.8,143.8,2350.0,719.0,326.2
302,302,1,,,,4650.5,2644.78,2005.72
303,303,6,1551.2,303.31,303.31,9307.2,1819.85,1247.89
304,304,2,1548.0,,673.14,3096.0,1346.28,874.86
305,305,1,,0.0,,4508.2,1783.73,
306,306,2,462.0,220.0,220.0,924.0,440.0,242.0
307,307,2,107.76,38.96,38.96,215.52,77.92,68.8
308,308,1,2377.0,417.45,417.45,2377.0,417.45,1959.55
309,309,10,839.28,261.77,261.77,8392.8,2617.65,577.51
310,310,15,1078.5,0.0,351.08,,,727.42
311,311,1,385.0,220.0,220.0,385.0,220.0,165.0
312,312,4,2359.7,377.29,377.29,9438.8,1509.17,1982.41
313,313,9,970.0,145.03,145.03,8730.0,1305.27,824.97
314,314,1,999.91,212.44,212.44,999.91,212.44,787.46
315,315,2,1215.5,358.0,358.0,2431.0,716.01,857.5
316,316,2,1910.0,97.81,195.77,1910.0,195.77,1714.24
317,317,4,1520.25,525.52,525.52,6081.0,2102.1,994.73
318,318,2,1350.0,248.65,248.65,2700.0,497.3,1101.35
319,319,5,375.0,44.14,44.14,1875.0,220.69,330.86
320,320,1,462.0,220.0,220.0,462.0,220.0,242.0
321,321,2,1410.6,281.63,281.63,2821.2,563.27,1128.97
322,322,5,358.0,0.0,30.77,1790.0,153.86,327.23
323,323,2,1608.0,541.44,541.44,3216.0,1082.88,1066.56
324,324,6,448.6,0.0,70.12,2691.6,420.72,378.48
325,325,1,710.0,112.11,112.11,710.0,112.11,597.89
326,326,20,647.1,0.0,244.02,,,403.08
327,327,2,,,761.07,6106.5,1522.13,
328,328,4,337.0,106.55,106.55,1348.0,426.19,230.45
329,329,2,1953.26,,626.37,3906.52,1252.74,1326.89
330,330,2,498.0,143.8,143.8,996.0,287.6,354.2
331,331,1,2005.5,327.61,327.61,2005.5,327.61,1677.89
332,332,1,568.97,0.0,60.56,568.97,60.56,508.41
333,333,2,850.0,174.73,174.73,1700.0,349.45,675.27
334,334,6,932.5,300.96,300.96,5595.0,1805.76,631.54
335,335,1,1615.0,,,1615.0,1179.22,435.78
336,336,1,1179.25,319.43,319.43,1179.25,319.43,859.82
337,337,1,1179.25,319.43,319.43,1179.25,319.43,859.82
338,338,1,1848.4,417.02,417.02,1848.4,417.02,1431.38
339,339,1,1848.4,417.02,417.02,1848.4,417.02,1431.38
340,340,4,497.2,66.08,66.08,1988.8,264.34,431.12
341,341,1,999.91,212.44,212.44,999.91,212.44,787.46
342,342,2,659.48,98.65,98.65,1318.96,197.3,560.83
343,343,6,375.0,64.98,64.98,2250.0,389.9,310.02
344,344,2,94.5,38.96,38.96,189.0,77.92,55.54
345,345,2,153.0,51.36,51.36,306.0,102.71,101.64
346,346,2,98.0,38.96,38.96,196.0,77.92,59.04
347,347,1,,,,,,
348,348,1,732.0,222.0,222.0,732.0,222.0,510.0
349,349,2,999.91,200.3,200.3,1999.81,400.6,799.61
350,350,10,265.08,87.1,87.1,2650.8,870.97,177.98
351,351,5,2835.0,0.0,620.47,,,
352,352,2,1247.5,0.0,376.35,2495.0,752.71,871.15
353,353,1,850.2,519.02,519.02,850.2,519.02,331.18
354,354,1,485.3,0.0,89.76,485.3,89.76,395.54
355,355,1,570.3,0.0,72.34,570.3,72.34,497.96
356,356,4,,,,,,1813.74
357,357,2,1784.0,116.97,116.97,3568.0,233.93,1667.03
358,358,1,,0.0,,7903.2,2448.37,
359,359,3,,0.0,,10047.0,,2075.39
360,360,2,,0.0,,,,
361,361,1,585.13,97.0,97.0,585.13,97.0,488.13
362,362,4,561.0,71.53,71.53,2244.0,286.12,489.47
363,363,4,561.0,88.34,88.34,2244.0,353.34,472.66
364,364,3,710.0,228.89,228.89,2130.0,686.66,481.11
365,365,1,579.66,0.0,50.94,579.66,50.94,528.72
366,366,1,800.0,0.0,45.28,800.0,45.28,754.72
367,367,3,395.0,0.0,4.92,1185.0,14.76,390.08
368,368,6,,,,,,1903.42
369,369,10,2366.63,,698.18,,,1668.45
370,370,1,691.68,211.36,211.36,691.68,211.36,480.32
371,371,1,862.33,410.21,410.21,862.33,410.21,452.12
372,372,1,120.0,38.96,38.96,120.0,38.96,81.04
373,373,2,,0.0,,,,
374,374,25,150.0,0.0,88.63,3750.0,2215.69,61.37
375,375,2,190.52,71.25,71.25,381.04,142.5,119.27
376,376,2,1850.0,0.0,710.34,3700.0,1420.68,1139.66
377,377,1,636.21,102.22,102.22,636.21,102.22,533.99
378,378,3,918.0,0.0,502.32,2754.0,1506.97,415.68
379,379,8,525.0,97.46,97.46,4200.0,779.66,427.54
380,380,2,495.0,172.28,172.28,990.0,344.57,322.72
381,381,2,354.5,155.02,155.02,709.0,310.03,199.48
382,382,1,354.5,177.36,177.36,354.5,177.36,177.14
383,383,3,2198.58,216.46,216.46,6595.74,649.37,1982.12
384,384,4,1260.48,213.66,213.66,5041.92,854.65,1046.82
385,385,2,780.25,37.66,37.66,1560.5,75.32,742.59
386,386,2,799.12,44.54,44.54,1598.24,89.08,754.58
387,387,2,821.89,48.09,48.09,1643.78,96.18,773.8
388,388,2,839.43,51.09,51.09,1678.86,102.18,788.34
389,389,1,190.52,72.37,72.37,190.52,72.37,118.15
390,390,1,435.0,220.0,220.0,435.0,220.0,215.0
391,391,1,527.59,64.91,64.91,527.59,64.91,462.68
392,392,1,1205.0,258.43,258.43,1205.0,258.43,946.57
393,393,1,704.5,173.0,173.0,704.5,173.0,531.5
394,394,18,,0.0,714.2,,,
395,395,2,778.17,391.24,391.24,1556.35,782.48,386.94
396,396,1,907.5,116.73,116.73,907.5,116.73,790.77
397,397,3,165.0,48.49,48.49,495.0,145.47,116.51
398,398,1,862.35,410.21,410.21,862.35,410.21,452.14
399,399,1,1551.72,316.4,316.4,1551.72,316.4,1235.32
400,400,1,538.79,6.69,6.69,538.79,6.69,532.1
401,401,1,387.93,24.0,24.0,387.93,24.0,363.93
402,402,1,1020.0,258.21,258.21,1020.0,258.21,761.79
403,403,60,1299.32,340.8,340.8,,,958.52
404,404,1,445.0,220.0,220.0,445.0,220.0,225.0
405,405,12,1513.0,0.0,447.47,,,1065.53
406,406,12,500.5,0.0,26.95,6006.0,323.44,473.55
407,407,1,1056.03,244.91,244.91,1056.03,244.91,811.12
408,408,6,562.5,88.95,88.95,3375.0,533.7,473.55
409,409,6,646.6,91.21,91.21,3879.6,547.28,555.39
410,410,25,1475.3,366.1,366.1,,,1109.2
411,411,1,,,736.48,3053.25,736.48,
412,412,10,1475.3,356.75,356.75,,,1118.55
413,413,3,,0.0,791.1,9159.75,2373.3,
414,414,18,620.0,0.0,236.1,,,383.9
415,415,2,1899.85,0.0,517.36,3799.7,1034.72,1382.49
416,416,4,2458.45,0.0,305.38,9833.8,1221.53,
417,417,1,,0.0,,4956.73,1306.63,
418,418,3,657.5,88.74,88.74,1972.5,266.21,568.76
419,419,1,,0.0,,,1516.24,
420,420,2,,,,,,
421,421,1,435.72,137.48,137.48,435.72,137.48,298.24
422,422,1,120.09,42.79,42.79,120.09,42.79,77.3
423,423,1,633.6,112.24,112.24,633.6,112.24,521.36
424,424,1,564.71,111.07,111.07,564.71,111.07,453.64
425,425,1,633.6,112.24,112.24,633.6,112.24,521.36
426,426,1,498.65,59.54,59.54,498.65,59.54,439.11
427,427,1,616.0,110.37,110.37,616.0,110.37,505.63
428,428,1,598.0,110.37,110.37,598.0,110.37,487.63
429,429,1,862.0,90.16,90.16,862.0,90.16,771.84
430,430,3,705.5,106.52,106.52,2116.5,319.57,598.98
431,431,4,705.5,0.0,158.37,2822.0,633.46,547.13
432,432,1,2278.45,359.16,359.16,2278.45,359.16,1919.29
433,433,4,2359.7,377.29,377.29,9438.8,1509.17,1982.41
434,434,1,1105.6,0.0,165.15,1105.6,165.15,940.45
435,435,2,2400.0,360.32,360.32,4800.0,720.65,2039.68
436,436,2,1500.0,0.36,0.36,3000.0,0.72,1499.64
437,437,1,435.0,220.0,220.0,435.0,220.0,215.0
438,438,4,938.53,0.0,161.73,3754.12,646.92,776.8
439,439,2,405.2,0.0,47.25,810.4,94.49,357.95
440,440,1,357.76,113.59,113.59,357.76,113.59,244.17
441,441,5,625.7,0.0,91.9,3128.5,459.5,533.8
442,442,3,625.7,0.0,98.64,1877.1,295.92,527.06
443,443,1,153.45,51.36,51.36,153.45,51.36,102.09
444,444,25,204.08,0.0,203.34,5101.91,,0.74
445,445,4,1853.25,0.0,,7413.0,,712.32
446,446,5,599.0,0.0,251.51,2995.0,1257.53,347.49
447,447,4,1100.0,0.0,183.83,4400.0,735.34,916.17
448,448,2,1991.06,0.0,755.73,3982.12,1511.46,1235.33
449,449,1,535.12,0.0,70.86,535.12,70.86,464.26
450,450,2,,0.0,,7858.22,,
451,451,1,188.0,0.0,94.84,188.0,94.84,93.16
452,452,1,650.0,321.87,321.87,650.0,321.87,328.13
453,453,2,485.0,144.4,144.4,970.0,288.8,340.6
454,454,1,310.0,50.54,50.54,310.0,50.54,259.46
455,455,3,1063.83,0.0,409.87,3191.49,1229.62,653.96
456,456,1,908.0,204.07,204.07,908.0,204.07,703.93
457,457,1,163.0,48.49,48.49,163.0,48.49,114.51
458,458,1,2325.0,0.0,722.38,2325.0,722.38,1602.62
459,459,2,1350.0,248.65,248.65,2700.0,497.3,1101.35
460,460,2,1005.0,0.0,387.87,2010.0,775.73,617.13
461,461,1,1005.0,0.0,404.78,1005.0,404.78,600.22
462,462,1,2849.5,,,2849.5,1125.85,1723.65
463,463,1,1265.09,432.3,432.3,1265.09,432.3,832.79
464,464,10,900.69,0.0,396.54,9006.9,,504.15
465,465,1,527.0,48.21,48.21,527.0,48.21,478.79
466,466,9,1241.0,318.83,318.83,,2869.44,922.17
467,467,1,1120.69,133.09,133.09,1120.69,133.09,987.6
468,468,6,780.0,160.64,160.64,4680.0,963.82,619.36
469,469,1,867.03,0.0,403.47,867.03,403.47,463.56
470,470,1,940.0,0.0,148.76,940.0,148.76,791.24
471,471,1,940.0,0.0,148.76,940.0,148.76,791.24
472,472,25,164.14,0.0,111.17,4103.6,2779.23,52.97
473,473,1,907.0,7.6,7.6,907.0,7.6,899.4
474,474,1,659.6,107.68,107.68,659.6,107.68,551.92
475,475,3,1572.45,0.0,647.84,4717.35,1943.52,924.61
476,476,4,310.0,50.54,50.54,1240.0,202.16,259.46
477,477,4,1615.0,493.68,493.68,6460.0,1974.74,1121.32
478,478,1,760.25,0.0,123.23,760.25,123.23,637.02
479,479,1,,,,,,
480,480,2,2625.5,,,5251.0,2428.6,1411.2
481,481,2,145.0,0.0,67.57,290.0,135.14,77.43
482,482,1,1035.0,223.66,223.66,1035.0,223.66,811.34
483,483,2,612.0,183.93,183.93,1224.0,367.86,428.07
484,484,5,825.0,333.44,333.44,4125.0,1667.21,491.56
485,485,2,1529.69,,,3059.38,1685.48,686.95
486,486,6,703.45,217.64,217.64,4220.7,1305.87,485.81
487,487,1,2750.0,,797.54,2750.0,797.54,1952.46
488,488,3,,,,10047.0,,2029.25
489,489,1,110.0,42.79,42.79,110.0,42.79,67.21
490,490,3,435.97,67.31,67.31,1307.91,201.92,368.66
491,491,2,491.03,67.21,67.21,982.06,134.42,423.82
492,492,2,180.0,86.23,86.23,360.0,172.46,93.77
493,493,1,163.0,48.49,48.49,163.0,48.49,114.51
494,494,1,676.72,0.0,213.87,676.72,213.87,462.85
495,495,1,1000.0,0.0,48.85,1000.0,48.85,951.15
496,496,3,1000.0,0.0,48.85,3000.0,146.54,951.15
497,497,10,695.2,46.14,46.14,6952.0,461.36,649.06
498,498,1,462.0,220.0,220.0,462.0,220.0,242.0
499,499,20,243.82,0.0,210.95,4876.39,,32.87
500,500,1,468.1,28.9,28.9,468.1,28.9,439.2
501,501,2,1395.35,,671.48,2790.7,1342.97,723.87
502,502,3,1037.1,249.07,249.07,3111.3,747.21,788.03
503,503,18,,,714.2,,,
504,504,6,780.0,160.64,160.64,4680.0,963.82,619.36
505,505,10,250.0,72.37,72.37,2500.0,723.67,177.63
506,506,4,1274.14,199.22,199.22,5096.56,796.86,1074.92
507,507,2,1529.69,,,3059.38,1685.48,686.95
508,508,2,805.0,143.09,143.09,1610.0,286.18,661.91
509,509,1,812.0,0.0,148.02,812.0,148.02,663.98
510,510,1,587.0,0.0,38.92,587.0,38.92,548.08
511,511,2,153.45,51.36,51.36,306.9,102.71,102.09
512,512,2,1572.45,517.64,517.64,3144.9,1035.28,1054.81
513,513,1,,0.0,,7402.72,921.37,
514,514,2,,,,,,
515,515,5,207.0,76.46,76.46,1035.0,382.32,130.54
516,516,1,622.0,36.0,36.0,622.0,36.0,586.0
517,517,1,1208.25,67.21,67.21,1208.25,67.21,1141.04
518,518,3,2600.0,509.98,509.98,7800.0,1529.93,
519,519,5,,,694.6,,,
520,520,2,985.0,0.0,242.78,1970.0,485.55,742.22
521,521,1,,0.0,722.34,3837.4,722.34,
522,522,5,978.6,0.0,518.59,4893.0,2592.94,460.01
523,523,2,,,,,,
524,524,1,420.69,144.4,144.4,420.69,144.4,276.29
525,525,1,1756.0,,,1756.0,841.63,914.37
526,526,1,1697.71,0.0,567.27,1697.71,567.27,1130.44
527,527,1,485.0,144.4,144.4,485.0,144.4,340.6
528,528,2,398.0,50.54,50.54,796.0,101.08,347.46
529,529,12,1022.0,0.0,333.2,,,688.8
530,530,2,2497.0,504.53,504.53,4994.0,1009.05,1992.47
531,531,7,976.0,0.0,374.14,6832.0,2619.0,601.86
532,532,4,,,,,,
533,533,35,1475.3,335.51,335.51,,,1139.79
534,534,10,,0.0,791.1,,,
535,535,1,,0.0,,3395.0,928.07,
536,536,10,488.62,0.0,61.88,4886.2,618.84,426.74
537,537,2,366.0,42.99,42.99,732.0,85.97,323.01
538,538,2,276.91,11.02,11.02,553.82,22.03,265.89
539,539,6,207.0,76.74,76.74,1242.0,460.41,130.27
540,540,1,732.0,222.0,222.0,732.0,222.0,510.0
541,541,1,427.0,33.79,33.79,427.0,33.79,393.21
542,542,2,514.25,112.64,112.64,1028.5,225.28,401.61
543,543,5,485.0,144.4,144.4,2425.0,722.0,340.6
544,544,1,310.0,50.54,50.54,310.0,50.54,259.46
545,545,1,893.0,72.34,72.34,893.0,72.34,820.66
546,546,17,244.02,210.95,210.95,4148.34,,33.07
547,547,4,2895.47,0.0,,,,1727.06
548,548,4,2186.0,,,8744.0,,1137.6
549,549,1,120.12,42.79,42.79,120.12,42.79,77.33
550,550,6,2177.5,0.0,319.29,,1915.76,1858.21
551,551,2,623.2,0.0,145.86,1246.4,291.71,477.34
552,552,10,330.85,0.0,98.63,3308.5,986.31,232.22
553,553,1,2044.2,0.0,406.12,2044.2,406.12,1638.08
554,554,1,648.3,97.53,97.53,648.3,97.53,550.77
555,555,1,419.0,10.7,10.7,419.0,10.7,408.3
556,556,1,225.0,0.0,98.63,225.0,98.63,126.37
557,557,1,734.5,0.0,136.98,734.5,136.98,597.52
558,558,2,,,,,,
559,559,2,1158.19,305.31,305.31,2316.38,610.62,852.88
560,560,15,207.0,90.91,90.91,3105.0,1363.68,116.09
561,561,1,634.5,42.35,42.35,634.5,42.35,592.15
562,562,4,427.0,33.79,33.79,1708.0,135.17,393.21
563,563,1,301.07,3.8,3.8,301.07,3.8,297.27
564,564,1,1306.03,344.32,344.32,1306.03,344.32,961.71
565,565,20,355.0,131.87,131.87,7100.0,2637.36,223.13
566,566,6,1450.0,224.13,224.13,8700.0,1344.78,1225.87
567,567,1,999.95,200.3,200.3,999.95,200.3,799.65
568,568,5,410.0,0.0,113.06,2050.0,565.29,296.94
569,569,1,2200.0,,773.91,2200.0,773.91,1426.09
570,570,5,978.6,477.85,477.85,4893.0,2389.27,500.75
571,571,5,732.0,136.25,136.25,3660.0,681.25,595.75
572,572,1,153.25,62.82,62.82,153.25,62.82,90.43
573,573,1,663.88,101.4,101.4,663.88,101.4,562.48
574,574,1,2025.2,0.0,483.67,2025.2,483.67,1541.53
575,575,6,703.45,217.64,217.64,4220.7,1305.87,485.81
576,576,5,488.0,0.0,144.4,2440.0,722.0,343.6
577,577,2,153.45,62.82,62.82,306.9,125.64,90.63
578,578,10,994.0,0.0,46.17,9940.0,461.74,947.83
579,579,5,551.25,0.0,286.82,2756.25,1434.11,264.43
580,580,2,2750.0,,797.54,5500.0,1595.08,1952.46
581,581,2,475.0,36.52,36.52,950.0,73.04,438.48
582,582,1,2278.45,,701.72,2278.45,701.72,1576.73
583,583,4,375.0,88.03,88.03,1500.0,352.13,286.97
584,584,1,,,,6273.0,1368.31,
585,585,1,532.76,33.75,33.75,532.76,33.75,499.01
586,586,1,605.4,80.09,80.09,605.4,80.09,525.31
587,587,2,689.63,227.18,227.18,1379.26,454.37,462.44
588,588,1,,0.0,,,,
589,589,2,933.85,172.13,172.13,1867.7,344.27,761.72
590,590,2,335.0,58.36,58.36,670.0,116.73,276.64
591,591,1,1944.0,0.0,330.09,1944.0,330.09,1613.91
592,592,1,2133.25,0.0,453.27,2133.25,453.27,1679.98
593,593,1,424.0,253.0,253.0,424.0,253.0,171.0
594,594,1,2068.5,0.0,,2068.5,1261.99,806.51
595,595,1,2068.5,0.0,,2068.5,1261.99,806.51
596,596,2,2464.2,0.0,,4928.4,2135.98,1396.21
597,597,2,2464.2,,,4928.4,2261.08,1333.66
598,598,3,,,,,,
599,599,1,2325.34,518.74,518.74,2325.34,518.74,1806.6
600,600,1,564.1,60.64,60.64,564.1,60.64,503.46
601,601,4,1615.0,,685.68,6460.0,2742.7,929.32
602,602,1,1451.65,295.91,295.91,1451.65,295.91,1155.74
603,603,2,572.0,0.0,206.11,1144.0,412.22,365.89
604,604,2,812.0,0.0,363.09,1624.0,726.18,448.91
605,605,2,1548.0,0.0,599.82,3096.0,1199.64,948.18
606,606,8,622.0,0.0,83.98,4976.0,671.87,538.02
607,607,5,986.0,0.0,236.74,4930.0,1183.69,749.26
608,608,8,1133.0,279.88,279.88,9064.0,2239.06,853.12
609,609,2,938.53,165.95,165.95,1877.06,331.9,772.58
610,610,3,150.86,42.79,42.79,452.58,128.38,108.07
611,611,1,474.14,0.0,,474.14,,
612,612,4,,,806.14,,,
613,613,1,1526.77,0.0,324.05,1526.77,324.05,1202.72
614,614,6,1088.0,0.0,190.25,6528.0,1141.51,897.75
615,615,60,1296.0,0.0,244.07,,,1051.93
616,616,1,689.0,170.19,170.19,689.0,170.19,518.81
617,617,20,578.0,181.72,181.72,,,396.28
618,618,1,385.0,253.0,253.0,385.0,253.0,132.0
619,619,15,407.0,0.0,101.07,6105.0,1516.01,305.93
620,620,8,543.0,0.0,113.69,4344.0,909.55,429.31
621,621,6,1365.0,115.41,115.41,8190.0,692.44,1249.59
622,622,1,1139.88,168.7,168.7,1139.88,168.7,971.18
623,623,10,790.0,117.49,117.49,7900.0,1174.89,672.51
624,624,2,210.0,77.57,77.57,420.0,155.15,132.43
625,625,28,862.35,0.0,335.46,,,526.89
626,626,1,617.2,0.0,149.98,617.2,149.98,467.22
627,627,2,732.0,222.0,222.0,1464.0,444.0,510.0
628,628,2,582.93,0.0,30.65,1165.86,61.3,552.28
629,629,3,582.93,0.0,30.65,1748.79,91.95,552.28
630,630,1,265.08,97.49,97.49,265.08,97.49,167.59
631,631,2,592.5,0.0,114.65,1185.0,229.29,477.85
632,632,3,642.0,321.87,321.87,1926.0,965.61,320.13
633,633,2,994.4,0.0,104.4,1988.8,208.8,890.0
634,634,2,632.5,0.0,65.47,1265.0,130.94,567.03
635,635,6,980.0,287.63,287.63,5880.0,1725.78,692.37
636,636,4,1130.5,0.0,471.48,4522.0,1885.91,659.02
637,637,2,840.0,0.0,160.02,1680.0,320.04,679.98
638,638,4,1842.5,0.0,710.13,7370.0,2840.53,1132.37
639,639,2,1914.5,0.0,736.2,3829.0,1472.41,1178.3
640,640,10,1239.3,0.0,244.63,,2446.31,994.67
641,641,8,1047.0,0.0,213.38,8376.0,1707.07,833.62
642,642,5,965.0,0.0,213.77,4825.0,1068.83,751.23
643,643,2,516.0,0.0,62.28,1032.0,124.56,453.72
644,644,1,453.24,171.87,171.87,453.24,171.87,281.37
645,645,5,,0.0,,,,
646,646,16,980.0,0.0,295.95,,,684.05
647,647,6,910.0,0.0,62.4,5460.0,374.39,847.6
648,648,1,1140.86,407.85,407.85,1140.86,407.85,733.01
649,649,4,750.0,0.0,116.78,3000.0,467.13,633.22
650,650,2,2105.3,,,4210.6,1696.61,1257.0
651,651,1,775.6,208.61,208.61,775.6,208.61,567.0
652,652,2,400.64,0.0,59.77,801.28,119.54,340.87
653,653,2,999.91,200.3,200.3,1999.81,400.6,799.61
654,654,36,1450.0,266.04,266.04,,,1183.97
655,655,1,,,,,,
656,656,2,644.0,79.79,79.79,1288.0,159.57,564.21
657,657,2,570.8,83.72,83.72,1141.6,167.44,487.08
658,658,1,605.4,80.09,80.09,605.4,80.09,525.31
659,659,1,425.0,253.0,253.0,425.0,253.0,172.0
660,660,1,563.5,55.83,55.83,563.5,55.83,507.67
661,661,1,424.0,253.0,253.0,424.0,253.0,171.0
662,662,12,825.0,0.0,332.9,9900.0,,492.1
663,663,1,999.91,200.3,200.3,999.91,200.3,799.61
664,664,1,739.66,7.6,7.6,739.66,7.6,732.06
665,665,10,936.45,206.22,206.22,9364.5,2062.24,730.23
666,666,30,1299.32,378.12,378.12,,,921.2
667,667,1,,,602.39,3668.0,602.39,
668,668,2,812.53,68.34,68.34,1625.06,136.67,744.19
669,669,4,485.0,135.69,135.69,1940.0,542.76,349.31
670,670,4,375.0,54.8,54.8,1500.0,219.2,320.2
671,671,4,301.5,432.0,432.0,1206.0,1728.0,-130.5
672,672,1,,0.0,,,,
673,673,2,564.1,0.0,47.7,1128.2,95.4,516.4
674,674,2,2218.0,,717.66,4436.0,1435.32,1500.34
675,675,1,999.91,200.3,200.3,999.91,200.3,799.61
676,676,1,94.5,42.79,42.79,94.5,42.79,51.71
677,677,1,1697.71,562.77,562.77,1697.71,562.77,1134.94
678,678,2,2025.2,0.0,483.67,4050.4,967.34,1541.53
679,679,4,799.1,174.94,174.94,3196.4,699.77,624.16
680,680,3,642.0,321.87,321.87,1926.0,965.61,320.13
681,681,6,1545.0,89.98,89.98,9270.0,539.86,1455.02
682,682,1,,0.0,752.71,3026.6,752.71,
683,683,3,812.53,0.0,111.07,2437.59,333.2,701.46
684,684,1,385.0,253.0,253.0,385.0,253.0,132.0
685,685,2,655.0,7.2,7.2,1310.0,14.4,647.8
686,686,10,504.5,43.24,43.24,5045.0,432.37,461.26
687,687,12,596.6,0.0,120.27,7159.2,1443.18,476.34
688,688,1,510.0,135.69,135.69,510.0,135.69,374.31
689,689,20,1475.3,355.29,355.29,,,1120.01
690,690,2,,,,7460.0,2930.59,
691,691,1,245.0,92.33,92.33,245.0,92.33,152.67
692,692,1,1410.0,227.74,227.74,1410.0,227.74,1182.26
693,693,2,828.97,65.63,65.63,1657.94,131.25,763.34
694,694,2,1049.3,,654.97,2098.6,1309.94,394.33
695,695,2,631.84,23.77,23.77,1263.68,47.53,608.07
696,696,2,800.19,67.69,67.69,1600.38,135.37,732.5
697,697,5,181.0,62.82,62.82,905.0,314.09,118.18
698,698,5,225.0,77.57,77.57,1125.0,387.87,147.43
699,699,1,1572.45,,668.43,1572.45,668.43,904.02
700,700,4,1600.0,0.0,,6400.0,,764.96
701,701,6,1073.0,0.0,381.64,6438.0,2289.82,691.36
702,702,6,996.0,0.0,257.09,5976.0,1542.56,738.91
703,703,2,557.5,0.0,197.63,1115.0,395.26,359.87
704,704,1,192.0,48.49,48.49,192.0,48.49,143.51
705,705,2,310.0,54.8,54.8,620.0,109.6,255.2
706,706,2,753.04,0.0,86.18,1506.08,172.35,666.86
707,707,6,1550.0,0.0,629.46,9300.0,,920.54
708,708,6,1500.0,0.0,595.77,9000.0,,904.23
709,709,1,564.1,48.03,48.03,564.1,48.03,516.07
710,710,1,521.04,205.2,205.2,521.04,205.2,315.84
711,711,4,485.0,135.69,135.69,1940.0,542.76,349.31
712,712,4,310.0,54.8,54.8,1240.0,219.2,255.2
713,713,3,155.0,77.57,77.57,465.0,232.72,77.43
714,714,4,539.6,0.0,77.8,2158.4,311.18,461.8
715,715,2,1380.0,0.0,246.69,2760.0,493.38,1133.31
716,716,15,330.8,92.24,92.24,4962.0,1383.54,238.56
717,717,2,345.0,42.65,42.65,690.0,85.29,302.35
718,718,2,994.64,155.39,155.39,1989.28,310.77,839.25
719,719,2,605.4,80.09,80.09,1210.8,160.18,525.31
720,720,1,735.65,177.85,177.85,735.65,177.85,557.8
721,721,2,608.75,331.33,331.33,1217.5,662.65,277.42
722,722,30,810.0,0.0,117.09,8100.0,1170.9,692.91
723,723,4,788.48,0.0,798.08,3153.92,,-9.6
724,724,1,2818.4,0.0,670.74,2818.4,670.74,
725,725,1,812.43,111.07,111.07,812.43,111.07,701.36
726,726,6,1030.0,236.06,236.06,6180.0,1416.34,793.94
727,727,4,457.82,32.24,32.24,1831.28,128.97,425.58
728,728,2,1470.0,87.04,87.04,2940.0,174.08,1382.96
729,729,2,2186.0,,,4372.0,2145.86,1113.07
730,730,10,375.0,144.19,144.19,3750.0,1441.92,230.81
731,731,3,375.0,0.0,122.35,1125.0,367.04,252.65
732,732,10,796.25,0.0,236.03,7962.5,2360.31,560.22
733,733,10,850.5,0.0,237.87,8505.0,2378.73,612.63
734,734,2,635.0,76.68,76.68,1270.0,153.36,558.32
735,735,1,702.59,227.18,227.18,702.59,227.18,475.41
736,736,1,1265.0,521.59,521.59,1265.0,521.59,743.41
737,737,2,675.0,174.16,174.16,1350.0,348.32,500.84
738,738,2,696.0,91.63,91.63,1392.0,183.26,604.37
739,739,9,488.62,0.0,61.88,4397.58,556.96,426.74
740,740,6,710.0,0.0,171.66,4260.0,1029.98,538.34
741,741,3,,0.0,,10047.0,,2075.39
742,742,2,2665.0,0.0,,5330.0,2608.29,1360.85
743,743,1,435.72,97.49,97.49,435.72,97.49,338.23
744,744,1,648.3,97.53,97.53,648.3,97.53,550.77
745,745,1,419.0,10.7,10.7,419.0,10.7,408.3
746,746,100,369.5,18.14,18.14,,1813.59,351.36
747,747,5,,0.0,514.77,,2573.85,
748,748,4,625.7,0.0,114.05,2502.8,456.18,511.65
749,749,5,625.7,100.68,100.68,3128.5,503.4,525.02
750,750,6,625.7,0.0,98.64,3754.2,591.85,527.06
751,751,2,1518.0,0.0,546.03,3036.0,1092.06,971.97
752,752,1,2776.65,0.0,,2776.65,1220.15,1556.5
753,753,1,2008.0,473.55,473.55,2008.0,473.55,1534.45
754,754,6,587.0,0.0,152.07,3522.0,912.43,434.93
755,755,4,780.5,0.0,230.29,3122.0,921.15,550.21
756,756,1,1165.95,0.0,345.97,1165.95,345.97,819.98
757,757,1,1112.0,0.0,322.13,1112.0,322.13,789.87
758,758,4,1254.2,0.0,192.93,5016.8,771.72,1061.27
759,759,1,310.0,54.8,54.8,310.0,54.8,255.2
760,760,3,485.0,141.3,141.3,1455.0,423.89,343.7
761,761,3,921.37,0.0,185.81,2764.11,557.42,735.56
762,762,1,518.97,123.23,123.23,518.97,123.23,395.73
763,763,7,,,773.12,,,
764,764,1,1054.0,,665.36,1054.0,665.36,388.64
765,765,2,523.85,276.18,276.18,1047.7,552.36,247.67
766,766,2,2186.0,,,4372.0,1850.42,1260.79
767,767,1,727.58,136.58,136.58,727.58,136.58,591.0
768,768,1,343.0,0.0,82.32,343.0,82.32,260.68
769,769,3,976.0,405.35,405.35,2928.0,1216.06,570.65
770,770,1,732.0,260.2,260.2,732.0,260.2,471.8
771,771,1,1165.95,345.97,345.97,1165.95,345.97,819.98
772,772,2,404.65,0.0,27.79,809.3,55.57,376.86
773,773,2,648.5,65.25,65.25,1297.0,130.51,583.25
774,774,2,648.5,64.34,64.34,1297.0,128.69,584.16
775,775,2,693.35,64.34,64.34,1386.7,128.69,629.01
776,776,1,576.03,210.24,210.24,576.03,210.24,365.79
777,777,1,657.12,265.64,265.64,657.12,265.64,391.48
778,778,1,499.7,205.2,205.2,499.7,205.2,294.5
779,779,1,659.6,0.0,76.36,659.6,76.36,583.24
780,780,10,123.0,15.03,15.03,1230.0,150.32,107.97
781,781,20,355.0,133.05,133.05,7100.0,2660.93,221.95
782,782,15,355.0,133.05,133.05,5325.0,1995.7,221.95
783,783,1,2068.5,,,2068.5,1357.1,711.4
784,784,2,2464.2,,,4928.4,2261.08,1333.66
785,785,6,980.0,295.59,295.59,5880.0,1773.52,684.41
786,786,1,1074.04,0.0,185.06,1074.04,185.06,888.98
787,787,4,788.88,42.63,42.63,3155.52,170.5,746.26
788,788,1,727.31,0.0,297.42,727.31,297.42,429.89
789,789,1,624.27,54.8,54.8,624.27,54.8,569.47
790,790,1,572.0,206.11,206.11,572.0,206.11,365.89
791,791,6,812.0,0.0,363.09,4872.0,2178.55,448.91
792,792,1,1548.0,0.0,671.28,1548.0,671.28,876.72
793,793,2,660.0,0.0,66.99,1320.0,133.98,593.01
794,794,2,1186.17,172.53,172.53,2372.34,345.06,1013.64
795,795,3,675.0,0.0,202.71,2025.0,608.14,472.29
796,796,5,938.53,161.73,161.73,4692.65,808.65,776.8
797,797,8,1666.18,0.0,675.99,,,990.19
798,798,1,1165.95,345.97,345.97,1165.95,345.97,819.98
799,799,54,607.1,0.0,131.45,,,475.65
800,800,27,611.51,0.0,137.76,,,473.75
801,801,3,753.42,0.0,203.69,2260.25,611.06,549.73
802,802,3,535.48,0.0,126.45,1606.44,379.36,409.03
803,803,3,572.5,144.4,144.4,1717.5,433.2,428.1
804,804,1,794.0,0.0,323.11,794.0,323.11,470.89
805,805,1,941.0,165.65,165.65,941.0,165.65,775.35
806,806,4,636.3,110.15,110.15,2545.2,440.58,526.15
807,807,1,400.0,171.87,171.87,400.0,171.87,228.13
808,808,2,,0.0,,,,
809,809,3,798.0,156.34,156.34,2394.0,469.01,641.66
810,810,1,139.0,42.79,42.79,139.0,42.79,96.21
811,811,3,786.7,150.16,150.16,2360.1,450.49,636.54
812,812,4,2105.0,0.0,255.13,8420.0,1020.51,1849.87
813,813,5,652.0,0.0,216.25,3260.0,1081.24,435.75
814,814,4,968.5,0.0,195.43,3874.0,781.73,773.07
815,815,2,2218.27,,,4436.54,2779.2,828.67
816,816,10,810.0,257.6,257.6,8100.0,2575.95,552.4
817,817,11,1552.5,0.0,384.87,,,1167.63
818,818,1,348.0,54.8,54.8,348.0,54.8,293.2
819,819,1,,,,3120.0,1195.0,1925.0
820,820,1,315.0,97.49,97.49,315.0,97.49,217.51
821,821,2,435.72,171.87,171.87,871.44,343.73,263.85
822,822,1,1127.0,0.0,316.45,1127.0,316.45,810.55
823,823,1,,,,4956.73,1306.63,
824,824,4,407.0,155.25,155.25,1628.0,620.99,251.75
825,825,4,541.25,0.0,132.16,2165.0,528.65,409.09
826,826,4,1365.0,0.0,203.04,5460.0,812.15,1161.96
827,827,4,681.75,122.18,122.18,2727.0,488.72,559.57
828,828,1,,0.0,649.31,3200.0,649.31,
829,829,2,,0.0,590.21,6400.0,1180.41,
830,830,1,,0.0,595.74,3200.0,595.74,
831,831,1,,,585.92,3521.6,585.92,
832,832,30,1299.32,429.81,429.81,,,869.51
833,833,3,,,788.54,,2365.62,
834,834,1,846.2,244.91,244.91,846.2,244.91,601.29
835,835,2,1050.69,0.0,270.68,2101.38,541.35,780.01
836,836,2,2132.55,0.0,230.7,4265.1,461.4,1901.85
837,837,4,,,790.28,,,
838,838,4,,,753.71,,,
839,839,5,2550.0,,703.11,,,1846.89
840,840,2,155.0,0.0,67.57,310.0,135.14,87.43
841,841,21,916.36,0.0,264.47,,,651.89
842,842,1,,,,,,
843,843,4,961.45,0.0,324.71,3845.8,1298.83,636.74
844,844,1,485.2,89.76,89.76,485.2,89.76,395.44
845,845,1,570.3,72.34,72.34,570.3,72.34,497.96
846,846,1,485.2,0.0,89.76,485.2,89.76,395.44
847,847,1,570.3,0.0,72.34,570.3,72.34,497.96
848,848,6,686.0,0.0,236.2,4116.0,1417.21,449.8
849,849,2,462.0,220.0,220.0,924.0,440.0,242.0
850,850,2,,0.0,,8377.26,,
851,851,1,,0.0,277.5,,277.5,
852,852,12,825.0,333.0,333.0,9900.0,,492.0
853,853,10,810.0,257.6,257.6,8100.0,2575.95,552.4
854,854,1,,,,3521.6,1225.86,
855,855,10,207.0,92.33,92.33,2070.0,923.31,114.67
856,856,4,1205.0,0.0,282.91,4820.0,1131.63,922.09
857,857,5,585.5,0.0,223.92,2927.5,1119.59,361.58
858,858,5,648.0,0.0,249.92,3240.0,1249.59,398.08
859,859,1,1697.71,567.27,567.27,1697.71,567.27,1130.44
860,860,5,821.3,0.0,75.77,4106.5,378.86,745.53
861,861,1,,0.0,193.86,4125.0,193.86,
862,862,1,1369.18,0.0,197.36,1369.18,197.36,1171.82
863,863,2,886.0,55.23,55.23,1772.0,110.46,830.77
864,864,2,695.0,36.8,36.8,1390.0,73.59,658.2
865,865,2,665.0,80.09,80.09,1330.0,160.18,584.91
866,866,1,,0.0,,,1721.28,
867,867,1,600.0,179.31,179.31,600.0,179.31,420.69
868,868,10,1250.0,0.0,514.93,,,735.07
869,869,6,912.0,0.0,301.16,5472.0,1806.93,610.84
870,870,6,1154.0,0.0,750.38,6924.0,,403.62
871,871,6,696.0,0.0,43.88,4176.0,263.28,652.12
872,872,6,888.0,0.0,215.26,5328.0,1291.57,672.74
873,873,10,509.0,0.0,128.74,5090.0,1287.37,380.26
874,874,6,407.0,122.67,122.67,2442.0,736.0,284.33
875,875,16,1939.0,0.0,490.5,,,1448.5
876,876,3,1064.0,0.0,330.66,3192.0,991.99,733.34
877,877,5,485.0,144.4,144.4,2425.0,722.0,340.6
878,878,5,310.0,54.8,54.8,1550.0,274.0,255.2
879,879,7,1252.0,0.0,244.61,8764.0,1712.29,1007.39
880,880,3,720.0,82.15,82.15,2160.0,246.45,637.85
881,881,1,1215.5,335.77,335.77,1215.5,335.77,879.73
882,882,10,185.0,74.45,74.45,1850.0,744.5,110.55
883,883,5,125.0,42.79,42.79,625.0,213.97,82.21
884,884,2,163.0,72.37,72.37,326.0,144.73,90.63
885,885,3,238.0,97.49,97.49,714.0,292.48,140.51
886,886,3,496.0,144.2,144.2,1488.0,432.6,351.8
887,887,4,976.0,396.78,396.78,3904.0,1587.1,579.22
888,888,30,1475.3,291.48,291.48,,,1183.82
889,889,4,976.0,0.0,374.14,3904.0,1496.57,601.86
890,890,20,1475.3,290.21,290.21,,,1185.09
891,891,4,,,,,,
892,892,2,155.0,62.82,62.82,310.0,125.64,92.18
893,893,4,1007.0,0.0,227.21,4028.0,908.84,779.79
894,894,1,853.0,0.0,156.55,853.0,156.55,696.45
895,895,4,2359.7,338.22,338.22,9438.8,1352.89,2021.48
896,896,1,1139.86,0.0,301.83,1139.86,301.83,838.03
897,897,4,720.0,82.15,82.15,2880.0,328.6,637.85
898,898,3,2464.2,,,7392.6,,1328.67
899,899,2,2068.5,,,4137.0,2523.98,806.51
900,900,4,413.4,91.5,91.5,1653.6,366.02,321.9
901,901,1,785.0,0.0,181.44,785.0,181.44,603.56
902,902,1,,0.0,,5909.84,1884.35,
903,903,2,2235.9,0.0,628.8,4471.8,1257.6,1607.1
904,904,12,1030.0,0.0,282.47,,,747.53
905,905,2,435.0,0.0,82.37,870.0,164.74,352.63
906,906,1,,0.0,,5251.28,2121.33,
907,907,30,1299.32,430.03,430.03,,,869.29
908,908,1,1320.0,73.01,73.01,1320.0,73.01,1246.99
909,909,1,483.54,72.97,72.97,483.54,72.97,410.58
910,910,1,155.0,72.37,72.37,155.0,72.37,82.63
911,911,5,490.0,0.0,150.77,2450.0,753.85,339.23
912,912,4,307.0,32.38,32.38,1228.0,129.51,274.62
913,913,1,661.2,31.14,31.14,661.2,31.14,630.06
914,914,2,1696.25,,572.12,3392.5,1144.25,1124.13
915,915,1,2290.12,,,2290.12,917.05,1373.07
916,916,1,2278.45,469.69,469.69,2278.45,469.69,1808.76
917,917,15,735.0,86.15,86.15,,1292.21,648.85
918,918,4,1587.0,210.34,210.34,6348.0,841.34,1376.66
919,919,3,1598.75,438.86,438.86,4796.25,1316.59,1159.89
920,920,3,2218.0,0.0,,6654.0,,1068.27
921,921,1,785.0,0.0,110.45,785.0,110.45,674.55
922,922,21,916.36,264.47,264.47,,,651.89
923,923,2,345.0,345.81,345.81,690.0,691.62,-0.81
924,924,2,787.5,0.0,90.71,1575.0,181.42,696.79
925,925,1,154.31,62.95,62.95,154.31,62.95,91.36
926,926,1,120.0,48.2,48.2,120.0,48.2,71.8
927,927,2,1654.34,0.0,183.81,3308.68,367.61,1470.53
928,928,3,2481.59,0.0,0.0,7444.77,0.0,
929,929,4,1130.5,457.78,457.78,4522.0,1831.12,672.72
930,930,1,1284.0,249.45,249.45,1284.0,249.45,1034.55
931,931,1,,,,,2754.67,
932,932,1,668.0,210.24,210.24,668.0,210.24,457.76
933,933,1,758.5,0.0,120.77,758.5,120.77,637.73
934,934,3,525.0,10.82,10.82,1575.0,32.46,514.18
935,935,6,625.2,43.81,43.81,3751.2,262.85,581.39
936,936,3,625.2,48.94,48.94,1875.6,146.81,576.26
937,937,1,155.0,78.65,78.65,155.0,78.65,76.35
938,938,3,983.0,227.62,227.62,2949.0,682.85,755.38
939,939,1,535.0,0.0,66.88,535.0,66.88,468.12
940,940,1,125.0,48.2,48.2,125.0,48.2,76.8
941,941,1,155.0,62.95,62.95,155.0,62.95,92.05
942,942,1,1048.97,,,1048.97,,
943,943,2,1056.35,348.7,348.7,2112.7,697.4,707.65
944,944,2,985.0,242.78,242.78,1970.0,485.55,742.22
945,945,1,661.2,0.0,31.14,661.2,31.14,630.06
946,946,20,935.0,185.95,185.95,,,749.05
947,947,6,2177.5,457.71,457.71,,2746.25,1719.79
948,948,3,1991.0,0.0,182.87,5973.0,548.62,1808.13
949,949,10,123.0,4.8,4.8,1230.0,48.02,118.2
950,950,3,705.5,135.18,135.18,2116.5,405.53,570.32
951,951,3,705.5,136.6,136.6,2116.5,409.8,568.9
952,952,7,606.0,210.24,210.24,4242.0,1471.68,395.76
953,953,1,813.0,260.2,260.2,813.0,260.2,552.8
954,954,8,764.8,216.17,216.17,6118.4,1729.33,548.63
955,955,1,265.08,97.49,97.49,265.08,97.49,167.59
956,956,1,597.0,173.0,173.0,597.0,173.0,424.0
957,957,5,1551.2,0.0,333.77,7756.0,1668.85,1217.43
958,958,1,1584.6,0.0,369.86,1584.6,369.86,1214.74
959,959,2,674.82,0.0,88.53,1349.64,177.06,586.29
960,960,2,,,,,,
961,961,3,720.0,0.0,129.95,2160.0,389.85,590.05
962,962,1,,0.0,0.0,9700.0,0.0,
963,963,1,653.0,223.04,223.04,653.0,223.04,429.96
964,964,2,1100.0,0.0,43.93,2200.0,87.87,1056.07
965,965,2,2186.0,0.0,,4372.0,2125.57,1123.22
966,966,10,351.64,0.0,144.47,3516.4,1444.71,207.17
967,967,2,1974.31,0.0,360.69,3948.62,721.38,1613.62
968,968,1,2874.31,0.0,,2874.31,886.73,1987.58
969,969,2,2215.0,0.0,610.78,4430.0,1221.56,1604.22
970,970,2,462.0,253.0,253.0,924.0,506.0,209.0
971,971,4,2218.27,0.0,,8873.08,,1013.56
972,972,2,612.6,0.0,71.02,1225.2,142.04,541.58
973,973,5,,0.0,,,,
974,974,12,781.0,0.0,126.46,9372.0,1517.55,654.54
975,975,15,1180.0,0.0,191.22,,2868.3,988.78
976,976,20,1475.3,314.44,314.44,,,1160.86
977,977,20,1144.58,363.31,363.31,,,781.27
978,978,20,330.8,92.32,92.32,6616.0,1846.35,238.48
979,979,4,2621.15,,741.05,10484.6,2964.18,1880.1
980,980,2,519.14,0.0,119.95,1038.28,239.89,399.19
981,981,1,1443.3,470.05,470.05,1443.3,470.05,973.25
982,982,1,1033.0,0.0,217.51,1033.0,217.51,815.49
983,983,1,295.0,39.22,39.22,295.0,39.22,255.78
984,984,10,386.0,84.41,84.41,3860.0,844.11,301.59
985,985,1,813.1,260.2,260.2,813.1,260.2,552.9
986,986,1,,,,3450.74,1216.54,
987,987,1,225.0,78.65,78.65,225.0,78.65,146.35
988,988,1,2256.35,0.0,,2256.35,927.84,1328.51
989,989,3,732.0,260.2,260.2,2196.0,780.6,471.8
990,990,12,745.0,0.0,240.58,8940.0,2887.02,504.42
991,991,10,864.2,0.0,226.8,8642.0,2268.0,637.4
992,992,2,999.91,226.23,226.23,1999.81,452.46,773.68
993,993,1,1800.0,,693.77,1800.0,693.77,1106.23
994,994,1,2068.5,,,2068.5,1261.99,806.51
995,995,1,,0.0,,3213.0,1165.13,2047.87
996,996,4,2464.2,0.0,,9856.8,,1396.21
997,997,20,810.0,313.65,313.65,,,496.35
998,998,1,1075.31,0.0,521.55,1075.31,521.55,553.76
999,999,8,753.5,0.0,127.11,6028.0,1016.9,626.39
1000,1000,1,497.89,42.8,42.8,497.89,42.8,455.09
1001,1001,3,2400.0,0.0,679.75,7200.0,2039.25,1720.25
1002,1002,2,647.0,100.13,100.13,1294.0,200.26,546.87
1003,1003,2,647.0,,,1294.0,1789.82,-247.91
1004,1004,2,562.5,0.0,102.31,1125.0,204.63,460.19
1005,1005,2,813.1,260.2,260.2,1626.21,520.4,552.9
1006,1006,9,764.39,137.83,137.83,6879.51,1240.49,626.56
1007,1007,1,941.77,203.69,203.69,941.77,203.69,738.08
1008,1008,1,669.35,126.54,126.54,669.35,126.54,542.81
1009,1009,2,863.0,68.35,68.35,1726.0,136.7,794.65
1010,1010,1,1045.31,388.11,388.11,1045.31,388.11,657.2
1011,1011,2,901.5,68.35,68.35,1803.0,136.7,833.15
1012,1012,3,1064.0,330.66,330.66,3192.0,991.99,733.34
1013,1013,20,1475.3,331.61,331.61,,,1143.69
1014,1014,1,,,,3730.0,1388.82,
1015,1015,1,485.0,144.4,144.4,485.0,144.4,340.6
1016,1016,2,2278.45,0.0,436.59,4556.9,873.18,1841.86
1017,1017,1,817.89,0.0,176.15,817.89,176.15,641.74
1018,1018,1,385.0,253.0,253.0,385.0,253.0,132.0
1019,1019,10,386.0,77.13,77.13,3860.0,771.29,308.87
1020,1020,3,1784.35,0.0,112.39,5353.05,337.18,1671.96
1021,1021,4,657.58,107.5,107.5,2630.32,429.99,550.08
1022,1022,4,779.5,158.36,158.36,3118.0,633.45,621.14
1023,1023,2,435.72,265.64,265.64,871.44,531.27,170.08
1024,1024,2,350.41,125.68,125.68,700.82,251.36,224.73
1025,1025,1,327.59,57.6,57.6,327.59,57.6,269.99
1026,1026,10,1250.0,0.0,170.16,,1701.62,1079.84
1027,1027,1,462.0,253.0,253.0,462.0,253.0,209.0
1028,1028,1,596.0,0.0,28.41,596.0,28.41,567.59
1029,1029,10,699.5,286.59,286.59,6995.0,2865.87,412.91
1030,1030,3,799.1,168.4,168.4,2397.3,505.21,630.7
1031,1031,14,150.0,78.65,78.65,2100.0,1101.12,71.35
1032,1032,6,500.0,265.64,265.64,3000.0,1593.82,234.36
1033,1033,1,960.34,91.4,91.4,960.34,91.4,868.94
1034,1034,1,772.0,0.0,13.33,772.0,13.33,758.67
1035,1035,1,,0.0,,4972.3,1139.58,
1036,1036,1,1385.0,0.0,281.46,1385.0,281.46,1103.54
1037,1037,1,1848.9,406.12,406.12,1848.9,406.12,1442.78
1038,1038,2,1209.8,0.0,341.41,2419.6,682.82,868.39
1039,1039,2,345.0,0.0,348.92,690.0,697.83,-3.92
1040,1040,2,528.89,0.0,68.25,1057.78,136.5,460.64
1041,1041,1,999.91,226.23,226.23,999.91,226.23,773.68
1042,1042,1,999.91,226.23,226.23,999.91,226.23,773.68
1043,1043,2,2186.0,,,4372.0,1911.36,1230.32
1044,1044,1,264.0,97.49,97.49,264.0,97.49,166.51
1045,1045,1,2660.9,0.0,,2660.9,896.15,1764.75
1046,1046,1,,0.0,,,,
1047,1047,1,155.0,78.65,78.65,155.0,78.65,76.35
1048,1048,1,899.0,0.0,197.53,899.0,197.53,701.47
1049,1049,1,556.7,0.0,72.88,556.7,72.88,483.82
1050,1050,1,1103.45,0.0,400.95,1103.45,400.95,702.5
1051,1051,1,930.0,0.0,159.65,930.0,159.65,770.35
1052,1052,3,845.29,0.0,369.66,2535.87,1108.97,475.63
1053,1053,2,2465.0,0.0,585.2,4930.0,1170.39,1879.8
1054,1054,3,705.5,130.97,130.97,2116.5,392.91,574.53
1055,1055,6,705.5,0.0,143.89,4233.0,863.31,561.61
1056,1056,6,918.0,0.0,502.32,5508.0,,415.68
1057,1057,1,915.0,0.0,239.08,915.0,239.08,675.92
1058,1058,3,715.65,0.0,103.21,2146.95,309.63,612.44
1059,1059,4,515.0,0.0,182.6,2060.0,730.4,332.4
1060,1060,2,2375.5,438.39,438.39,4751.0,876.79,1937.11
1061,1061,1,2080.85,523.53,523.53,2080.85,523.53,1557.32
1062,1062,1,1899.18,164.55,164.55,1899.18,164.55,1734.63
1063,1063,1,,,,3298.28,,
1064,1064,1,150.0,78.65,78.65,150.0,78.65,71.35
1065,1065,1,442.75,253.0,253.0,442.75,253.0,189.75
1066,1066,1,462.0,220.0,220.0,462.0,220.0,242.0
1067,1067,1,1165.95,345.97,345.97,1165.95,345.97,819.98
1068,1068,1,1165.95,0.0,345.97,1165.95,345.97,819.98
1069,1069,4,763.0,0.0,71.72,3052.0,286.9,691.28
1070,1070,4,845.0,0.0,167.31,3380.0,669.24,677.69
1071,1071,1,1615.0,,685.68,1615.0,685.68,929.32
1072,1072,1,1615.0,,685.68,1615.0,685.68,929.32
1073,1073,1,1615.0,,685.68,1615.0,685.68,929.32
1074,1074,1,1615.0,,685.68,1615.0,685.68,929.32
1075,1075,2,485.0,144.4,144.4,970.0,288.8,340.6
1076,1076,18,,,,,,
1077,1077,18,,,,,,
1078,1078,4,125.0,48.2,48.2,500.0,192.79,76.8
1079,1079,8,132.06,0.0,21.33,1056.48,170.62,110.73
1080,1080,2,1853.25,,,3706.5,2233.68,736.41
1081,1081,2,852.53,0.0,55.13,1705.06,110.26,797.4
1082,1082,2,1790.5,155.35,155.35,3581.0,310.7,1635.15
1083,1083,2,1900.0,253.99,253.99,3800.0,507.97,1646.01
1084,1084,1,1280.14,0.0,477.16,1280.14,477.16,802.98
1085,1085,10,978.6,0.0,518.59,9786.0,,460.01
1086,1086,5,732.0,0.0,136.25,3660.0,681.25,595.75
1087,1087,3,1800.0,0.0,312.11,5400.0,936.33,1487.89
1088,1088,3,1086.23,0.0,274.93,3258.69,824.78,811.3
1089,1089,3,699.38,0.0,207.16,2098.14,621.48,492.22
1090,1090,10,,,667.91,,,
1091,1091,4,,0.0,,,,
1092,1092,4,315.0,57.6,57.6,1260.0,230.4,257.4
1093,1093,30,1475.3,288.77,288.77,,,1186.53
1094,1094,4,582.13,0.0,131.24,2328.52,524.96,450.89
1095,1095,2,773.06,0.0,126.1,1546.12,252.21,646.96
1096,1096,10,6.54,6.0,6.0,65.35,60.0,0.54
1097,1097,7,299.8,50.94,50.94,2098.6,356.56,248.86
1098,1098,30,1102.75,0.0,751.86,,,350.89
1099,1099,3,155.0,62.95,62.95,465.0,188.86,92.05
1100,1100,2,1330.35,0.0,326.25,2660.7,652.49,1004.1
1101,1101,2,,0.0,,,,
1102,1102,10,825.0,332.9,332.9,8250.0,,492.1
1103,1103,1,1283.8,0.0,131.36,1283.8,131.36,1152.44
1104,1104,4,,0.0,,,,
1105,1105,2,581.46,0.0,144.87,1162.92,289.73,436.59
1106,1106,2,555.06,0.0,96.17,1110.12,192.34,458.89
1107,1107,8,,,800.35,,,
1108,1108,1,1370.74,0.0,328.39,1370.74,328.39,1042.35
1109,1109,1,1018.0,0.0,273.77,1018.0,273.77,744.23
1110,1110,2,817.79,0.0,133.04,1635.58,266.08,684.75
1111,1111,4,530.64,0.0,325.23,2122.56,1300.94,205.41
1112,1112,1,732.0,222.0,222.0,732.0,222.0,510.0
1113,1113,1,210.0,90.91,90.91,210.0,90.91,119.09
1114,1114,1,305.5,113.59,113.59,305.5,113.59,191.91
1115,1115,4,485.0,144.4,144.4,1940.0,577.6,340.6
1116,1116,1,965.4,0.0,413.55,965.4,413.55,551.85
1117,1117,5,606.0,236.6,236.6,3030.0,1182.99,369.4
1118,1118,10,398.0,0.0,113.64,3980.0,1136.37,284.36
1119,1119,1,1157.93,0.0,187.54,1157.93,187.54,970.39
1120,1120,1,,0.0,,4500.0,1088.23,
1121,1121,2,699.52,0.0,66.79,1399.04,133.59,632.73
1122,1122,1,462.0,220.0,220.0,462.0,220.0,242.0
1123,1123,3,299.8,0.0,59.54,899.4,178.63,240.26
1124,1124,2,155.0,62.95,62.95,310.0,125.91,92.05
1125,1125,1,2533.27,0.0,0.0,2533.27,0.0,
1126,1126,4,2359.7,338.22,338.22,9438.8,1352.89,2021.48
1127,1127,1,772.6,0.0,49.16,772.6,49.16,723.44
1128,1128,4,462.07,220.0,220.0,1848.28,880.0,242.07
1129,1129,3,1194.66,0.0,0.0,3583.98,0.0,1194.66
1130,1130,2,932.0,0.0,207.69,1864.0,415.38,724.31
1131,1131,2,730.8,0.0,126.52,1461.6,253.04,604.28
1132,1132,1,1911.0,0.0,329.0,1911.0,329.0,1582.0
1133,1133,3,1572.45,,600.03,4717.35,1800.09,972.42
1134,1134,10,485.0,0.0,144.4,4850.0,1444.0,340.6
1135,1135,6,1127.46,0.0,355.3,6764.76,2131.82,772.16
1136,1136,1,1800.0,,,1800.0,2392.5,-592.5
1137,1137,1,1130.5,421.11,421.11,1130.5,421.11,709.39
1138,1138,1,675.97,89.76,89.76,675.97,89.76,586.21
1139,1139,1,730.17,72.34,72.34,730.17,72.34,657.83
1140,1140,10,1677.0,0.0,521.39,,,1155.61
1141,1141,5,2445.0,0.0,,,,817.91
1142,1142,4,698.0,0.0,0.0,2792.0,0.0,698.0
1143,1143,20,1475.3,0.0,315.51,,,1159.79
1144,1144,3,,,640.51,9159.75,1921.52,
1145,1145,1,899.0,0.0,197.53,899.0,197.53,701.47
1146,1146,6,619.5,0.0,76.71,3717.0,460.25,542.79
1147,1147,1,699.5,0.0,70.7,699.5,70.7,628.8
1148,1148,1,650.0,316.45,316.45,650.0,316.45,333.55
1149,1149,6,413.4,0.0,93.3,2480.4,559.81,320.1
1150,1150,10,415.0,0.0,100.7,4150.0,1007.01,314.3
1151,1151,10,407.0,124.77,124.77,4070.0,1247.67,282.23
1152,1152,10,541.25,0.0,132.16,5412.5,1321.62,409.09
1153,1153,7,708.0,0.0,138.9,4956.0,972.31,569.1
1154,1154,10,488.0,0.0,119.27,4880.0,1192.74,368.73
1155,1155,10,1615.25,0.0,52.12,,521.21,1563.13
1156,1156,3,2056.2,,586.32,6168.6,1758.97,1469.88
1157,1157,1,662.57,0.0,47.84,662.57,47.84,614.73
1158,1158,1,815.07,0.0,99.37,815.07,99.37,715.7
1159,1159,1,876.98,0.0,142.2,876.98,142.2,734.78
1160,1160,1,588.0,0.0,39.85,588.0,39.85,548.15
1161,1161,10,792.11,131.45,131.45,7921.1,1314.54,660.66
1162,1162,10,798.79,137.63,137.63,7987.9,1376.26,661.16
1163,1163,1,984.15,203.69,203.69,984.15,203.69,780.46
1164,1164,1,699.47,126.29,126.29,699.47,126.29,573.18
1165,1165,3,705.5,127.62,127.62,2116.5,382.87,577.88
1166,1166,6,2895.47,,,,,1776.08
1167,1167,1,670.69,331.33,331.33,670.69,331.33,339.36
1168,1168,1,1466.21,379.55,379.55,1466.21,379.55,1086.66
1169,1169,6,1026.8,82.34,82.34,6160.8,494.02,944.46
1170,1170,6,1165.0,245.96,245.96,6990.0,1475.75,919.04
1171,1171,1,485.0,67.84,67.84,485.0,67.84,417.16
1172,1172,2,,,,,,
1173,1173,11,,,,,,
1174,1174,5,720.0,130.12,130.12,3600.0,650.58,589.88
1175,1175,6,195.0,78.68,78.68,1170.0,472.05,116.32
1176,1176,1,1018.0,414.84,414.84,1018.0,414.84,603.16
1177,1177,2,1018.0,414.84,414.84,2036.0,829.67,603.16
1178,1178,1,906.05,117.24,117.24,906.05,117.24,788.81
1179,1179,1,609.84,173.0,173.0,609.84,173.0,436.84
1180,1180,1,813.1,222.0,222.0,813.1,222.0,591.1
1181,1181,1,353.45,57.6,57.6,353.45,57.6,295.85
1182,1182,2,925.0,218.33,218.33,1850.0,436.67,706.67
1183,1183,1,805.5,57.07,57.07,805.5,57.07,748.43
1184,1184,8,553.0,0.0,96.96,4424.0,775.7,456.04
1185,1185,5,840.0,0.0,160.02,4200.0,800.11,679.98
1186,1186,2,,,,9538.0,,
1187,1187,3,565.4,90.42,90.42,1696.2,271.25,474.98
1188,1188,12,1219.74,251.37,251.37,,,968.37
1189,1189,6,1022.67,213.77,213.77,6136.02,1282.59,808.9
1190,1190,10,1386.16,291.33,291.33,,2913.27,1094.83
1191,1191,1,790.0,89.76,89.76,790.0,89.76,700.24
1192,1192,1,790.0,72.34,72.34,790.0,72.34,717.66
1193,1193,1,852.0,150.44,150.44,852.0,150.44,701.56
1194,1194,1,755.0,53.71,53.71,755.0,53.71,701.29
1195,1195,1,852.0,108.81,108.81,852.0,108.81,743.19
1196,1196,3,2400.0,472.22,472.22,7200.0,1416.65,1927.78
1197,1197,1,620.2,170.55,170.55,620.2,170.55,449.65
1198,1198,2,1642.35,0.0,463.36,3284.7,926.71,1178.99
1199,1199,1,,0.0,,8121.2,,
1200,1200,1,742.45,166.83,166.83,742.45,166.83,575.62
1201,1201,1,1208.25,93.2,93.2,1208.25,93.2,1115.05
1202,1202,1,1208.25,93.2,93.2,1208.25,93.2,1115.05
1203,1203,8,2529.4,,663.12,,,1866.28
1204,1204,4,608.36,0.0,44.13,2433.44,176.5,564.24
1205,1205,4,636.38,0.0,42.57,2545.52,170.28,593.81
1206,1206,2,1070.6,0.0,175.33,2141.2,350.67,895.27
1207,1207,4,462.0,300.0,300.0,1848.0,1200.0,162.0
1208,1208,2,125.0,48.2,48.2,250.0,96.4,76.8
1209,1209,2,545.0,0.0,38.42,1090.0,76.84,506.58
1210,1210,2,585.0,53.33,53.33,1170.0,106.65,531.67
1211,1211,2,488.0,126.71,126.71,976.0,253.43,361.29
1212,1212,6,1098.74,235.35,235.35,6592.44,1412.1,863.39
1213,1213,1,1177.25,277.2,277.2,1177.25,277.2,900.05
1214,1214,1,601.5,145.23,145.23,601.5,145.23,456.27
1215,1215,1,,,,5901.45,1047.18,
1216,1216,2,691.7,265.64,265.64,1383.4,531.27,426.06
1217,1217,4,521.04,205.2,205.2,2084.16,820.82,315.84
1218,1218,4,350.41,125.68,125.68,1401.64,502.72,224.73
1219,1219,2,378.26,99.22,99.22,756.52,198.45,279.04
1220,1220,20,132.06,0.0,21.33,2641.2,426.55,110.73
1221,1221,1,155.0,78.68,78.68,155.0,78.68,76.32
1222,1222,1,,,,4769.0,1931.62,
1223,1223,1,745.69,78.38,78.38,745.69,78.38,667.31
1224,1224,1,1089.35,332.12,332.12,1089.35,332.12,757.23
1225,1225,1,1089.35,332.12,332.12,1089.35,332.12,757.23
1226,1226,4,,,,,,
1227,1227,1,768.5,63.09,63.09,768.5,63.09,705.41
1228,1228,2,155.0,62.95,62.95,310.0,125.91,92.05
1229,1229,2,623.37,69.55,69.55,1246.74,139.11,553.82
1230,1230,1,153.25,62.95,62.95,153.25,62.95,90.3
1231,1231,2,691.68,265.64,265.64,1383.36,531.27,426.04
1232,1232,1,429.25,81.99,81.99,429.25,81.99,347.26
1233,1233,6,986.0,0.0,235.75,5916.0,1414.5,750.25
1234,1234,4,545.0,63.37,63.37,2180.0,253.47,481.63
1235,1235,1,1075.31,521.55,521.55,1075.31,521.55,553.76
1236,1236,15,175.31,76.08,76.08,2629.65,1141.15,99.23
1237,1237,3,611.8,211.36,211.36,1835.4,634.09,400.44
1238,1238,1,,0.0,544.48,9499.6,544.48,
1239,1239,1,155.0,62.95,62.95,155.0,62.95,92.05
1240,1240,1,120.0,48.2,48.2,120.0,48.2,71.8
1241,1241,6,753.5,127.11,127.11,4521.0,762.68,626.39
1242,1242,2,812.93,0.0,145.02,1625.86,290.03,667.91
1243,1243,1,1364.0,0.0,0.0,1364.0,0.0,1364.0
1244,1244,4,155.0,62.95,62.95,620.0,251.81,92.05
1245,1245,10,792.11,131.45,131.45,7921.1,1314.54,660.66
1246,1246,7,798.79,137.63,137.63,5591.53,963.38,661.16
1247,1247,25,984.15,0.0,203.69,,,780.46
1248,1248,1,699.47,126.29,126.29,699.47,126.29,573.18
1249,1249,4,669.55,98.82,98.82,2678.2,395.3,570.73
1250,1250,4,669.55,112.34,112.34,2678.2,449.36,557.21
1251,1251,6,669.55,99.83,99.83,4017.3,598.95,569.72
1252,1252,2,2481.59,0.0,0.0,4963.18,0.0,
1253,1253,1,,0.2,0.2,,0.2,
1254,1254,2,155.0,51.36,51.36,310.0,102.71,103.64
1255,1255,2,190.0,68.2,68.2,380.0,136.41,121.8
1256,1256,2,2566.15,,,5132.3,2328.4,1401.95
1257,1257,4,2042.41,0.0,663.74,8169.64,2654.96,1378.67
1258,1258,1,486.0,18.45,18.45,486.0,18.45,467.55
1259,1259,2,1532.05,339.91,339.91,3064.1,679.81,1192.14
1260,1260,3,,0.0,442.5,,1327.51,
1261,1261,11,1800.18,,676.87,,,1123.31
1262,1262,1,462.0,278.0,278.0,462.0,278.0,184.0
1263,1263,1,325.0,96.83,96.83,325.0,96.83,228.17
1264,1264,1,635.97,89.76,89.76,635.97,89.76,546.21
1265,1265,1,730.17,72.34,72.34,730.17,72.34,657.83
1266,1266,1,439.66,420.67,420.67,439.66,420.67,18.99
1267,1267,4,2359.7,401.65,401.65,9438.8,1606.58,1958.05
1268,1268,2,976.0,385.09,385.09,1952.0,770.19,590.91
1269,1269,20,1475.3,316.19,316.19,,,1159.11
1270,1270,1,900.0,0.0,0.0,900.0,0.0,900.0
1271,1271,1,945.0,518.43,518.43,945.0,518.43,426.57
1272,1272,12,2914.4,469.53,,,,1983.38
1273,1273,3,951.04,208.88,208.88,2853.12,626.65,742.16
1274,1274,5,120.0,0.0,67.57,600.0,337.86,52.43
1275,1275,3,1086.48,67.56,67.56,3259.44,202.67,1018.92
1276,1276,2,315.0,57.6,57.6,630.0,115.2,257.4
1277,1277,2,,0.0,,,,
1278,1278,1,1417.1,0.0,408.31,1417.1,408.31,1008.79
1279,1279,6,720.0,129.7,129.7,4320.0,778.18,590.3
1280,1280,2,863.14,257.11,257.11,1726.28,514.21,606.03
1281,1281,5,650.0,325.78,325.78,3250.0,1628.92,324.22
1282,1282,5,825.0,332.9,332.9,4125.0,1664.51,492.1
1283,1283,1,610.0,197.83,197.83,610.0,197.83,412.17
1284,1284,1,610.0,178.15,178.15,610.0,178.15,431.85
1285,1285,1,610.0,171.15,171.15,610.0,171.15,438.85
1286,1286,1,120.13,48.2,48.2,120.13,48.2,71.93
1287,1287,1,165.51,48.1,48.1,165.51,48.1,117.41
1288,1288,1,,0.0,654.34,,654.34,
1289,1289,2,519.0,78.24,78.24,1038.0,156.48,440.76
1290,1290,2,993.12,42.65,42.65,1986.24,85.31,950.47
1291,1291,6,1366.13,394.88,394.88,8196.78,2369.31,971.25
1292,1292,6,1545.0,0.0,89.98,9270.0,539.86,1455.02
1293,1293,3,983.0,129.28,129.28,2949.0,387.85,853.72
1294,1294,1,435.72,153.85,153.85,435.72,153.85,281.87
1295,1295,10,1699.0,0.0,251.47,,2514.71,1447.53
1296,1296,1,,0.0,277.5,,277.5,
1297,1297,1,,,,6591.1,1541.46,
1298,1298,1,1289.0,519.45,519.45,1289.0,519.45,769.55
1299,1299,2,862.5,331.49,331.49,1725.0,662.99,531.01
1300,1300,1,462.0,153.85,153.85,462.0,153.85,308.15
1301,1301,1,1223.38,264.62,264.62,1223.38,264.62,958.76
1302,1302,3,1045.31,199.05,199.05,3135.93,597.15,846.26
1303,1303,3,1270.84,0.0,330.66,3812.52,991.99,940.18
1304,1304,2,669.0,97.49,97.49,1338.0,194.99,571.51
1305,1305,2,125.0,48.2,48.2,250.0,96.4,76.8
1306,1306,2,155.0,63.31,63.31,310.0,126.62,91.69
1307,1307,1,190.0,65.16,65.16,190.0,65.16,124.84
1308,1308,5,561.7,0.0,61.77,2808.5,308.87,499.93
1309,1309,5,542.65,0.0,51.49,2713.25,257.43,491.16
1310,1310,10,485.0,144.4,144.4,4850.0,1444.0,340.6
1311,1311,2,315.0,57.6,57.6,630.0,115.2,257.4
1312,1312,8,1056.55,336.58,336.58,8452.4,2692.66,719.97
1313,1313,1,2665.0,,,2665.0,1318.1,1346.9
1314,1314,2,717.87,331.49,331.49,1435.74,662.99,386.37
1315,1315,2,691.7,186.16,186.16,1383.4,372.32,505.54
1316,1316,2,521.04,205.2,205.2,1042.08,410.41,315.84
1317,1317,4,350.41,125.68,125.68,1401.64,502.72,224.73
1318,1318,4,,0.0,120.76,,483.02,
1319,1319,1,125.0,48.2,48.2,125.0,48.2,76.8
1320,1320,5,,485.13,,,2499.93,
1321,1321,1,958.3,157.64,157.64,958.3,157.64,800.66
1322,1322,1,802.0,63.9,63.9,802.0,63.9,738.1
1323,1323,1,,,,5309.11,1292.27,
1324,1324,2,696.0,30.45,30.45,1392.0,60.89,665.55
1325,1325,8,1801.38,,,7205.52,,804.98
1326,1326,4,2360.0,0.0,,9440.0,,1398.64
1327,1327,20,1800.18,0.0,592.18,,,1208.0
1328,1328,6,,,,,,
1329,1329,6,,0.0,,,,
1330,1330,10,195.0,0.0,88.63,1950.0,886.28,106.37
1331,1331,2,728.43,0.0,168.53,1456.86,337.07,559.9
1332,1332,20,1475.3,301.31,301.31,,,1173.99
1333,1333,1,1318.7,,,1318.7,919.68,399.02
1334,1334,1,1009.65,286.34,286.34,1009.65,286.34,723.31
1335,1335,1,827.59,227.18,227.18,827.59,227.18,600.41
1336,1336,1,873.75,137.33,137.33,873.75,137.33,736.42
1337,1337,1,735.0,139.65,139.65,735.0,139.65,595.35
1338,1338,6,2177.5,280.14,280.14,,1680.81,1897.36
1339,1339,6,1545.0,89.98,89.98,9270.0,539.86,1455.02
1340,1340,1,2220.7,448.24,448.24,2220.7,448.24,1772.46
1341,1341,2,,0.0,0.0,7287.4,0.0,
1342,1342,9,1512.12,0.0,0.0,,0.0,1512.12
1343,1343,1,1800.69,328.36,328.36,1800.69,328.36,1472.33
1344,1344,1,1158.51,78.25,78.25,1158.51,78.25,1080.26
1345,1345,8,909.56,0.0,253.9,7276.48,2031.23,655.66
1346,1346,4,955.38,158.36,158.36,3821.52,633.45,797.02
1347,1347,8,710.0,96.96,96.96,5680.0,775.7,613.04
1348,1348,1,1385.5,140.88,140.88,1385.5,140.88,1244.62
1349,1349,10,123.0,21.39,21.39,1230.0,213.85,101.61
1350,1350,6,980.0,301.12,301.12,5880.0,1806.71,678.88
1351,1351,9,980.0,299.53,299.53,8820.0,2695.79,680.47
1352,1352,1,1130.5,499.2,499.2,1130.5,499.2,631.3
1353,1353,3,155.0,79.01,79.01,465.0,237.03,75.99
1354,1354,6,620.35,0.0,127.06,3722.1,762.35,493.29
1355,1355,1,,0.0,0.0,,0.0,
1356,1356,1,2220.7,293.13,293.13,2220.7,293.13,1927.57
1357,1357,1,1121.7,0.0,291.13,1121.7,291.13,830.57
1358,1358,1,1302.15,0.0,196.44,1302.15,196.44,1105.71
1359,1359,2,485.0,144.4,144.4,970.0,288.8,340.6
1360,1360,1,,,,,1734.88,
1361,1361,25,1457.2,0.0,461.49,,,995.71
1362,1362,10,123.0,21.39,21.39,1230.0,213.85,101.61
1363,1363,4,2056.2,466.2,466.2,8224.8,1864.79,1590.0
1364,1364,1,315.0,57.6,57.6,315.0,57.6,257.4
1365,1365,20,1475.3,315.59,315.59,,,1159.71
1366,1366,10,355.0,119.05,119.05,3550.0,1190.47,235.95
1367,1367,3,1385.9,0.0,0.0,4157.7,0.0,1385.9
1368,1368,10,1613.26,,668.13,,,945.13
1369,1369,4,420.0,37.65,37.65,1680.0,150.59,382.35
1370,1370,2,1166.63,0.0,360.2,2333.26,720.39,806.43
1371,1371,2,576.65,0.0,366.62,1153.3,733.23,210.03
1372,1372,1,485.0,144.4,144.4,485.0,144.4,340.6
1373,1373,3,315.0,57.6,57.6,945.0,172.8,257.4
1374,1374,1,,0.0,0.0,3045.5,0.0,
1375,1375,1,689.63,227.18,227.18,689.63,227.18,462.44
1376,1376,4,,222.14,222.14,6832.0,444.27,
1377,1377,1,815.0,222.0,222.0,815.0,222.0,593.0
1378,1378,3,1449.3,454.72,454.72,4347.9,1364.17,994.58
1379,1379,6,395.29,97.49,97.49,2371.74,584.96,297.8
1380,1380,4,266.0,97.3,97.3,1064.0,389.19,168.7
1381,1381,4,655.5,306.53,306.53,2622.0,1226.13,348.97
1382,1382,1,1435.2,0.0,355.52,1435.2,355.52,1079.68
1383,1383,1,2278.45,414.88,414.88,2278.45,414.88,1863.57
1384,1384,2,1110.0,0.0,83.4,2220.0,166.8,1026.6
1385,1385,4,2056.2,0.0,586.32,8224.8,2345.29,1469.88
1386,1386,6,,,,,,
1387,1387,5,,0.0,442.5,,2212.51,
1388,1388,2,976.0,360.7,360.7,1952.0,721.39,615.3
1389,1389,1,,,,3730.0,1311.27,
1390,1390,5,,,773.21,,,
1391,1391,12,,89.98,179.95,,1079.71,
1392,1392,1,410.0,57.6,57.6,410.0,57.6,352.4
1393,1393,1,,0.0,,,2335.2,
1394,1394,6,2494.8,0.0,620.47,,,1874.33
1395,1395,2,700.0,0.0,325.78,1400.0,651.57,374.22
1396,1396,3,478.0,0.0,66.31,1434.0,198.93,411.69
1397,1397,26,792.11,131.45,131.45,,,660.66
1398,1398,10,798.79,137.63,137.63,7987.9,1376.26,661.16
1399,1399,5,729.57,0.0,232.01,3647.85,1160.05,497.56
1400,1400,5,737.62,236.2,236.2,3688.1,1181.01,501.42
1401,1401,10,1357.5,0.0,405.55,,,951.95
1402,1402,1,1325.07,0.0,0.0,1325.07,0.0,1325.07
1403,1403,16,1981.88,0.0,333.62,,,1648.26
1404,1404,2,,0.0,696.46,7460.0,1392.92,
1405,1405,10,488.0,107.33,107.33,4880.0,1073.25,380.67
1406,1406,4,759.0,0.0,681.52,3036.0,2726.1,77.48
1407,1407,1,,0.0,,5668.99,1319.88,
1408,1408,1,2300.0,0.0,99.68,2300.0,99.68,
1409,1409,6,,0.0,,,,1772.92
1410,1410,2,732.0,0.0,317.5,1464.0,635.0,414.5
1411,1411,1,1000.0,226.23,226.23,1000.0,226.23,773.77
1412,1412,1,,,,,,
1413,1413,5,1897.27,78.09,78.09,9486.35,390.43,1819.18
1414,1414,3,510.0,51.16,51.16,1530.0,153.49,458.84
1415,1415,6,1888.0,0.0,294.5,,1767.02,1593.5
1416,1416,3,439.15,0.0,123.21,1317.45,369.62,315.94
1417,1417,2,925.82,65.31,65.31,1851.64,130.63,860.51
1418,1418,2,1910.5,286.13,286.13,3821.0,572.25,1624.37
1419,1419,2,2020.42,421.91,421.91,4040.84,843.82,1598.51
1420,1420,2,1177.07,477.16,477.16,2354.14,954.32,699.91
1421,1421,6,712.0,102.31,102.31,4272.0,613.88,609.69
1422,1422,6,718.6,104.69,104.69,4311.6,628.12,613.91
1423,1423,3,2182.35,0.0,596.55,6547.05,1789.64,1585.8
1424,1424,1,,,,5909.84,1884.35,
1425,1425,10,1406.0,0.0,80.66,,806.55,1325.34
